id,id_podtret,parent_id,nik,comment,timestamp,,,,,,,,,
1,4,1,70300173,setuju banget.... kekeluargaan di enseval tu terasa banget dan bersyukur bisa kerja di enseval yang dinamis ,2022-04-22 11:28:00,,,,,,,,,
2,3,2,100400349,coba ya...,2022-05-18 16:02:00,,,,,,,,,
3,1,3,170300124,Tes a,2022-05-21 01:28:00,,,,,,,,,
4,2,4,170300124,tes,2022-05-24 01:41:00,,,,,,,,,
5,20,5,990900057,Budaya silaturahmi harus tetap dijaga,2022-05-26 11:04:00,,,,,,,,,
6,24,6,960600073,Good,2022-05-28 08:59:00,,,,,,,,,
7,24,7,220300382,Kereeen,2022-05-28 09:39:00,,,,,,,,,
8,24,8,220300382,Kereeen,2022-05-28 09:39:00,,,,,,,,,
9,24,9,220300382,Kereeen,2022-05-28 09:39:00,,,,,,,,,
10,24,10,31101119,semakin mudah sekarang untuk nonton PODTRET... Dimanapun  kapanpun... Mantap. ,2022-05-28 10:25:00,,,,,,,,,
11,7,11,101100991,Mantep deh quote nya GSM Kami ini  hehe applause untuk Pak Recky Nusaly…,2022-05-28 14:34:00,,,,,,,,,
12,24,12,101100991,nice ..,2022-05-28 14:56:00,,,,,,,,,
13,24,13,211101279,Mantap,2022-05-30 07:21:00,,,,,,,,,
14,24,14,210700723,Nice,2022-05-31 13:51:00,,,,,,,,,
15,25,15,130501892,Enseval maju,2022-05-31 14:42:00,,,,,,,,,
16,25,16,130501892,Enseval era digital,2022-05-31 14:43:00,,,,,,,,,
17,24,17,50100010,mantab podtret terus maju dan berkembang untuk kemajuan SDM dan perusahaan ...Gaskeuunn terus maju dan berkembang untuk kemajuan SDM dan perusahaan ...Gaskeuunn,2022-05-31 15:40:00,,,,,,,,,
18,24,18,130301093,Mantab,2022-06-01 12:46:00,,,,,,,,,
19,24,19,130301093,Mantab,2022-06-01 12:46:00,,,,,,,,,
20,1,20,170300124,tes b,2022-06-01 15:15:00,,,,,,,,,
21,1,21,170300124,tes c,2022-06-01 15:16:00,,,,,,,,,
22,24,22,180500487,Dengerin podtret sambil kerja makin enjoyyy,2022-06-02 11:09:00,,,,,,,,,
23,15,23,130602035,interaksi ceritanya seru banget.,2022-06-02 11:58:00,,,,,,,,,
24,24,24,130601956,Niceeee.... <3,2022-06-02 15:46:00,,,,,,,,,
25,24,25,50600237,good,2022-06-03 15:30:00,,,,,,,,,
26,24,26,50600237,good,2022-06-03 15:30:00,,,,,,,,,
27,26,27,80600542,Sip banget ilmunya,2022-06-04 15:16:00,,,,,,,,,
28,26,28,131002614,keep learning :),2022-06-04 15:17:00,,,,,,,,,
29,26,29,80600542,Klo boleh usul di cabang terkadang perlu di adakan kegiatan dimana itu bisa membangun dan menyamakan visi misi perusahaan kepada karyawan.,2022-06-04 15:18:00,,,,,,,,,
30,26,30,80600542,Kegiatan yg menyatukan semua karyawan kembali ke rel visi misi perusahaan,2022-06-04 15:18:00,,,,,,,,,
31,26,31,190900887,Berisi semua pembahasan nya terima kasih banyak,2022-06-05 12:49:00,,,,,,,,,
32,26,32,101201079,Semoga kualotas pembahasan Bisa menjadi Kualitas Peberapan,2022-06-06 18:32:00,,,,,,,,,
34,1,34,170300124,tes d,2022-06-07 17:32:00,,,,,,,,,
35,27,35,30200223,Mantap ,2022-06-10 17:09:00,,,,,,,,,
36,27,36,31101119,Makasih.. ,2022-06-10 18:31:00,,,,,,,,,
37,27,37,220300402,Oke sekali mantap,2022-06-10 18:36:00,,,,,,,,,
38,27,38,30700794,Sipppp ,2022-06-10 18:40:00,,,,,,,,,
39,27,39,130300737,Luar Biasa,2022-06-10 19:45:00,,,,,,,,,
40,27,40,220600846,Nicee,2022-06-10 22:29:00,,,,,,,,,
41,27,41,130702275,mantap,2022-06-11 07:26:00,,,,,,,,,
42,27,42,180600513,naisee,2022-06-11 07:59:00,,,,,,,,,
43,27,43,90500327,jgn sampai kyk itu......,2022-06-11 08:18:00,,,,,,,,,
44,27,44,130300808,Mantap,2022-06-11 18:33:00,,,,,,,,,
45,27,45,940800084,Mantap,2022-06-13 05:04:00,,,,,,,,,
46,27,46,940800084,Mantap,2022-06-13 05:04:00,,,,,,,,,
47,27,47,80800639,NICE,2022-06-13 08:11:00,,,,,,,,,
48,27,48,20400803,Top markotop,2022-06-13 08:17:00,,,,,,,,,
49,27,49,991000070,NICE,2022-06-13 08:30:00,,,,,,,,,
50,27,50,120600956,Informasi yang bagus untuk wawasan,2022-06-13 08:40:00,,,,,,,,,
51,27,51,960100018,NICE,2022-06-13 08:44:00,,,,,,,,,
52,20,52,101100992,Wuenaaak kirimin pak Oki biar bisa ngerasain jga :),2022-06-13 09:54:00,,,,,,,,,
53,15,53,101100992,Seru nih ,2022-06-13 10:06:00,,,,,,,,,
55,27,55,160200082,Info yang menarik dan perlu menjadi perhatian kita semua...,2022-06-13 10:55:00,,,,,,,,,
56,1,34,admin.myplanet,tes reply,2022-06-13 11:06:00,,,,,,,,,
57,27,57,20601173,Mantap,2022-06-13 11:08:00,,,,,,,,,
58,27,58,20601173,Mantap,2022-06-13 11:08:00,,,,,,,,,
59,27,59,20601173,Mantap,2022-06-13 11:08:00,,,,,,,,,
60,27,60,20601173,Mantap,2022-06-13 11:08:00,,,,,,,,,
61,1,21,admin.myplanet,tes reply c,2022-06-13 11:38:00,,,,,,,,,
62,1,20,admin.myplanet,tes reply b,2022-06-13 11:39:00,,,,,,,,,
63,1,3,admin.myplanet,tes reply a,2022-06-13 11:40:00,,,,,,,,,
64,20,52,admin.myplanet,Terima kasih... Pak Oki jangan lupa kami juga di kirimin ya... hehehe,2022-06-13 11:45:00,,,,,,,,,
65,20,5,admin.myplanet,Terima kasih.. Setuju Pak Budaya yang harus di jaga dan dirawat.,2022-06-13 11:46:00,,,,,,,,,
66,27,35,admin.myplanet,Terima Kasih... Jangan lupa saksikan episode berikutnya ya...,2022-06-13 11:47:00,,,,,,,,,
67,27,36,admin.myplanet,Terima Kasih... Jangan lupa saksikan episode berikutnya ya...,2022-06-13 11:47:00,,,,,,,,,
68,27,37,admin.myplanet,Terima Kasih... Jangan lupa saksikan episode berikutnya ya...,2022-06-13 11:47:00,,,,,,,,,
69,27,38,admin.myplanet,Terima Kasih... Jangan lupa saksikan episode berikutnya ya...,2022-06-13 11:48:00,,,,,,,,,
70,27,60,admin.myplanet,Terima Kasih... Jangan lupa saksikan episode berikutnya ya...,2022-06-13 11:48:00,,,,,,,,,
71,27,59,admin.myplanet,Terima Kasih... Jangan lupa saksikan episode berikutnya ya...,2022-06-13 11:48:00,,,,,,,,,
72,27,58,admin.myplanet,Terima Kasih... Jangan lupa saksikan episode berikutnya ya...,2022-06-13 11:48:00,,,,,,,,,
73,27,57,admin.myplanet,Terima Kasih... Jangan lupa saksikan episode berikutnya ya...,2022-06-13 11:48:00,,,,,,,,,
74,27,55,admin.myplanet,Terima Kasih... Jangan lupa saksikan episode berikutnya ya...,2022-06-13 11:50:00,,,,,,,,,
75,27,51,admin.myplanet,Terima Kasih... Jangan lupa saksikan episode berikutnya ya...,2022-06-13 11:50:00,,,,,,,,,
76,27,50,admin.myplanet,Terima Kasih... Jangan lupa saksikan episode berikutnya ya...,2022-06-13 11:50:00,,,,,,,,,
77,27,49,admin.myplanet,Terima Kasih... Jangan lupa saksikan episode berikutnya ya...,2022-06-13 11:50:00,,,,,,,,,
78,27,48,admin.myplanet,Terima Kasih... Jangan lupa saksikan episode berikutnya ya...,2022-06-13 11:50:00,,,,,,,,,
79,27,46,admin.myplanet,Terima Kasih... Jangan lupa saksikan episode berikutnya ya...,2022-06-13 11:51:00,,,,,,,,,
80,27,44,admin.myplanet,Terima Kasih... Jangan lupa saksikan episode berikutnya ya...,2022-06-13 11:51:00,,,,,,,,,
81,27,39,admin.myplanet,Terima Kasih... Jangan lupa saksikan episode berikutnya ya...,2022-06-13 11:51:00,,,,,,,,,
82,27,40,admin.myplanet,Terima Kasih... Jangan lupa saksikan episode berikutnya ya...,2022-06-13 11:52:00,,,,,,,,,
83,27,47,admin.myplanet,Terima Kasih... Jangan lupa saksikan episode berikutnya ya...,2022-06-13 11:52:00,,,,,,,,,
84,27,45,admin.myplanet,Terima Kasih... Jangan lupa saksikan episode berikutnya ya...,2022-06-13 11:52:00,,,,,,,,,
85,27,85,210100014,cakepppp,2022-06-13 15:48:00,,,,,,,,,
86,27,86,210100014,cakepppp,2022-06-13 15:48:00,,,,,,,,,
87,6,87,20200419,Tks tambahan ilmunya brothers,2022-06-13 16:13:00,,,,,,,,,
88,27,88,21201804,Semoga bermanfaat,2022-06-14 11:23:00,,,,,,,,,
89,27,89,130401318,Amazing,2022-06-14 12:07:00,,,,,,,,,
90,27,90,31001008,Mantap dan membangun,2022-06-14 19:35:00,,,,,,,,,
91,27,91,130401389,Bagus,2022-06-14 21:01:00,,,,,,,,,
92,27,92,130401389,Bagus,2022-06-14 21:29:00,,,,,,,,,
93,28,93,930100003,Seberapa besar tantangan yg ada di hadapan kita harus kita hadapi yg gentle man,2022-06-17 20:25:00,,,,,,,,,
94,27,94,31001008,Mantap dan membangun,2022-06-17 22:19:00,,,,,,,,,
95,27,95,31001008,Mantap dan membangun,2022-06-17 22:19:00,,,,,,,,,
96,27,96,31001008,Mantap dan membangun,2022-06-17 22:19:00,,,,,,,,,
97,28,97,30200223,Mantap  harus belajar berani meng hadapi tantangan ,2022-06-18 18:46:00,,,,,,,,,
98,28,98,130902527,jadi keinget lagi pengalaman mistis sendiri  & itu gak akan pernah lupa sepertinya ,2022-06-20 11:51:00,,,,,,,,,
99,20,99,20300572,Setuju Pak Oki Keluarga Adalah Segalanya Bagi kita Perantau#Jauh dimato dakek Di Hati.,2022-06-20 12:55:00,,,,,,,,,
114,2,4,170300124,tes rep,2022-06-20 19:07:00,,,,,,,,,
115,28,115,31101119,Ikut merinding dengar nya.... Harus berani,2022-06-21 07:59:00,,,,,,,,,
116,28,116,161100525,Serem juga yaa,2022-06-21 12:23:00,,,,,,,,,
117,28,117,20601246,yang pakai baju merah seremmmm,2022-06-21 14:04:00,,,,,,,,,
118,28,98,admin.myplanet,Wah boleh nih mba dikirim ceritanya ke email training.enseval.pm@gmail.com. Nanti ceritanya berkesempatan untuk dibacakan juga loh di Episode KUMIS selanjutnya. Kami tunggu ya kak :),2022-06-21 15:41:00,,,,,,,,,
119,28,119,140100027,Serem ceritanya  tapi gak ada post test nya ya..ha..ha..(bercanda),2022-06-21 18:32:00,,,,,,,,,
120,28,120,130300693,kirain ada post testnya  hemmmmmmmm,2022-06-22 12:22:00,,,,,,,,,
121,28,121,130702275,harus belajar berani....,2022-06-22 15:36:00,,,,,,,,,
122,28,122,130300692,Apapun yang terjadi kita maju terus pantang mundur.. meskipun ada halang ataupun rintangan di depan kita..mantaps.,2022-06-23 14:04:00,,,,,,,,,
123,28,123,160900435,teruntuk @U.DHIAH SAVITRI serem serem tapi imut kan kak????,2022-06-24 10:56:00,,,,,,,,,
124,29,124,190500493,Bagus,2022-06-25 18:48:00,,,,,,,,,
125,29,125,190500493,Bagus,2022-06-25 18:48:00,,,,,,,,,
126,29,126,130902439,Next tampilin mba Mitha legal dong  sama mas Arta seru deh kayaknya. cari topik yang energik  biar kerja masik asik. ,2022-06-27 10:09:00,,,,,,,,,
127,29,127,31101119,Keren informasinya,2022-06-27 14:22:00,,,,,,,,,
128,28,128,90500327,Berani ....harus itu,2022-06-27 14:30:00,,,,,,,,,
129,29,129,90500327,bagus  infonya,2022-06-27 15:07:00,,,,,,,,,
130,29,130,130702275,mantap,2022-06-28 09:39:00,,,,,,,,,
131,29,131,130100131,Bagus,2022-07-01 13:48:00,,,,,,,,,
132,30,132,31101119,terima kasih ilmu Financial Planning nya..... ,2022-07-02 08:43:00,,,,,,,,,
133,30,133,130902527,memang segala sesuatu harus ada planning  terutama financial planning,2022-07-04 10:08:00,,,,,,,,,
134,29,134,130401300,keren informasinya,2022-07-04 10:56:00,,,,,,,,,
135,30,135,111201826,Thanks informasi ilmu Planning nya..,2022-07-04 11:19:00,,,,,,,,,
136,28,136,130401300,serem jugaa ya ceritanya,2022-07-04 11:33:00,,,,,,,,,
137,30,137,130300745,alhamdulillah...ilmu nya bermanfaat,2022-07-04 12:22:00,,,,,,,,,
138,26,138,130401300,terima kasih banyak.. sangat bermanfaat,2022-07-04 13:06:00,,,,,,,,,
139,30,139,150300140,syukur alhamdulillah... saya sudah menikah.,2022-07-04 13:41:00,,,,,,,,,
140,30,140,130300719,terima kasih ilmunya utk tim HRD,2022-07-05 12:47:00,,,,,,,,,
141,31,141,220300402,Mantap  kedepannya undang artis Min.,2022-07-08 14:14:00,,,,,,,,,
142,31,142,130702275,mantap,2022-07-08 14:37:00,,,,,,,,,
143,31,143,220300574,Mantap min lanjutken,2022-07-08 14:39:00,,,,,,,,,
144,31,144,30600653,Mantap nambah ilmu,2022-07-10 13:37:00,,,,,,,,,
145,31,145,140300413,Mantap,2022-07-13 06:56:00,,,,,,,,,
146,32,146,10400554,Luar biasa,2022-07-14 06:37:00,,,,,,,,,
147,31,147,900150,mantap,2022-07-15 08:54:00,,,,,,,,,
148,31,148,900150,Mantap,2022-07-15 08:54:00,,,,,,,,,
149,31,149,31101119,Makasih ilmunya.... semoga kita semua dijauhkan dari Toxic Employee,2022-07-15 12:58:00,,,,,,,,,
150,32,150,31101119,Berani untuk bermimpi.... semoga tercapai semua mimpi2... aamiin,2022-07-15 13:21:00,,,,,,,,,
151,31,151,120200213,Ilmu yang bermanfaat ,2022-07-15 16:47:00,,,,,,,,,
152,32,152,120200213,Berani untuk bermimpi.... semoga tercapai semua mimpi2... aamiin,2022-07-15 16:51:00,,,,,,,,,
153,32,153,130702275,luar biasa,2022-07-16 08:44:00,,,,,,,,,
154,32,154,140600664, Berani untuk bermimpi...,2022-07-18 22:33:00,,,,,,,,,
155,32,155,140600664, Berani untuk bermimpi...,2022-07-18 22:33:00,,,,,,,,,
156,32,156,140600664, Berani untuk bermimpi...,2022-07-18 22:33:00,,,,,,,,,
157,32,157,140600664, Berani untuk bermimpi...,2022-07-18 22:33:00,,,,,,,,,
158,32,158,140600664, Berani untuk bermimpi...,2022-07-18 22:34:00,,,,,,,,,
159,32,159,140600664, Berani untuk bermimpi...,2022-07-18 22:34:00,,,,,,,,,
160,32,160,160100025,Dare to Dream,2022-07-19 09:52:00,,,,,,,,,
161,30,161,130401300,semua harus terencana yaa,2022-07-21 08:16:00,,,,,,,,,
162,33,162,180100115,Seru ceritanya.,2022-07-22 16:54:00,,,,,,,,,
163,33,163,70700393,belii keripik dulu akhh sambil Nonton Podcast Hororrrr....,2022-07-22 18:16:00,,,,,,,,,
164,33,164,31101119,makin seru KUMIS nya... keren ,2022-07-23 08:00:00,,,,,,,,,
165,33,165,111101607,seru,2022-07-23 09:05:00,,,,,,,,,
166,24,166,100200135,Good...,2022-07-23 17:05:00,,,,,,,,,
167,33,167,20400923,Kamsahamnida.....OPPA  Akbar .. Mataram Cashier....uda say helloouww....,2022-07-25 14:05:00,,,,,,,,,
168,33,168,20400923,Kamsahamnida.....OPPA  Akbar .. Mataram Cashier....uda say helloouww....,2022-07-25 14:05:00,,,,,,,,,
169,33,169,20400923,Kamsahamnida.....OPPA  Akbar .. Mataram Cashier....uda say helloouww....,2022-07-25 14:06:00,,,,,,,,,
170,33,170,200100085,Kulik Misteri keren,2022-07-26 08:48:00,,,,,,,,,
171,33,171,80200202,Mantap,2022-07-26 18:00:00,,,,,,,,,
172,32,172,960100018,Berani untuk bermimpi....,2022-07-29 11:50:00,,,,,,,,,
173,32,173,960100018,Berani untuk bermimpi....,2022-07-29 11:50:00,,,,,,,,,
174,32,174,960100018,Berani untuk bermimpi....,2022-07-29 11:50:00,,,,,,,,,
175,32,175,960100018,Berani untuk bermimpi....,2022-07-29 11:51:00,,,,,,,,,
176,33,176,20400907,menarik,2022-07-29 12:20:00,,,,,,,,,
177,33,177,130401620,Menarik,2022-08-01 09:16:00,,,,,,,,,
178,33,178,130401620,Menarik,2022-08-01 09:16:00,,,,,,,,,
179,33,179,130401620,Menarik,2022-08-01 09:16:00,,,,,,,,,
180,33,180,130401620,Menarik,2022-08-01 09:16:00,,,,,,,,,
181,33,181,130401620,Menarik,2022-08-01 09:16:00,,,,,,,,,
182,33,182,130401620,Menarik,2022-08-01 09:16:00,,,,,,,,,
183,33,183,130401620,Menarik,2022-08-01 09:16:00,,,,,,,,,
184,32,184,130401620,Berai utuk mmimpi yang pasti ,2022-08-01 09:17:00,,,,,,,,,
185,32,185,130401620,Berai utuk mmimpi yang pasti ,2022-08-01 09:17:00,,,,,,,,,
186,32,186,130401620,Berai utuk mmimpi yang pasti ,2022-08-01 09:18:00,,,,,,,,,
187,32,187,130401620,Berai utuk mmimpi yang pasti ,2022-08-01 09:18:00,,,,,,,,,
188,33,188,130300843,dari menit ke 14.51 -  26.18 wah parah sih ini serem banget  dimana bumi di pijak disana langit di junjung keren asliii,2022-08-01 11:44:00,,,,,,,,,
189,34,189,980100005,TERIMAKASIH PEMBELAJARAN HARI INI,2022-08-01 15:25:00,,,,,,,,,
190,34,190,210700723,Terimakasih ,2022-08-01 15:26:00,,,,,,,,,
191,34,191,110901084,Oke,2022-08-02 09:02:00,,,,,,,,,
192,33,192,110901084,Iiih serem,2022-08-02 09:03:00,,,,,,,,,
193,32,193,110901084,Good luck,2022-08-02 09:03:00,,,,,,,,,
194,34,194,990900057,Terimakasih atas pembelajaran,2022-08-02 23:14:00,,,,,,,,,
195,33,195,180100029,Serem ya,2022-08-03 09:03:00,,,,,,,,,
196,1,196,30500565,kereeenn,2022-08-03 09:14:00,,,,,,,,,
197,35,197,940800093,Asi memang sangat baik utk bayi yg baru lahir mpai minimal bayi umur 6 bln,2022-08-03 19:29:00,,,,,,,,,
198,35,198,940800093,Asi sangat sangat baik sekali buat bayu,2022-08-03 19:31:00,,,,,,,,,
199,35,199,940800093,Asi sangat sangat baik sekali buat bayu,2022-08-03 19:31:00,,,,,,,,,
200,35,200,940800093,Asi sangat sangat baik sekali buat bayu,2022-08-03 19:31:00,,,,,,,,,
201,35,201,940800093,Asi sangat sangat baik sekali buat bayu,2022-08-03 19:31:00,,,,,,,,,
202,35,202,31101119,Im working mom... Alhamdulilah...senang rasanya bisa mengASIhi utk ke3 anak ku.,2022-08-03 20:08:00,,,,,,,,,
203,35,203,140600681,Asi sangatlah penting buat sang bayi.utk itu asupan gizi yg cukup bagi ibu akan mempengaruhi kualitas ASI.,2022-08-03 21:28:00,,,,,,,,,
204,34,204,140600681,terus belajar.thanks.,2022-08-03 21:52:00,,,,,,,,,
205,35,205,200100085,ASI dengan banyak manfaat.,2022-08-04 06:19:00,,,,,,,,,
206,35,206,80800639,ASI sangat penting ,2022-08-04 09:08:00,,,,,,,,,
207,35,207,991000070,Asi yg paling utama,2022-08-04 09:13:00,,,,,,,,,
208,35,208,191201181,Semangat buat ibu-ibu yang bisa memberikan ASI buat bayinya,2022-08-04 09:13:00,,,,,,,,,
209,35,209,191201181,Semangat buat ibu-ibu yang bisa memberikan ASI buat bayinya,2022-08-04 09:13:00,,,,,,,,,
210,35,210,120600956,ASI membuat bayi lebih kuat daya tahan tubuhnya,2022-08-04 09:20:00,,,,,,,,,
211,35,211,960100018,ASI SANGAT BERGUNA UNTUK PERTUMBUHAN,2022-08-04 09:23:00,,,,,,,,,
212,35,212,31001041,ASI bagian dari rahmat illahi,2022-08-04 09:25:00,,,,,,,,,
213,35,213,130902517,Alhamdulilah... istri saya saat ini sedang hamil.. sebentar lagi akan bisa mengASIhi baby ku,2022-08-04 09:52:00,,,,,,,,,
214,35,214,130501923,Asi sangat besar manfaatnya bagi tumbuh kembang sang bayi ,2022-08-04 10:44:00,,,,,,,,,
215,35,215,210900916,semangat buat para Ibu yang memberikan ASI kepada bayi nya,2022-08-04 14:46:00,,,,,,,,,
216,35,216,220100043,alhamdulillah anak saya hingga sekarang usia 1 tahun masih ASI,2022-08-04 16:45:00,,,,,,,,,
217,35,217,101201096,Alhamdulilah.... anak saya yang kedua masih ASI sama ibunya.,2022-08-05 09:20:00,,,,,,,,,
218,35,218,130702275,ASI sangat penting,2022-08-06 07:32:00,,,,,,,,,
219,24,219,130300896,Good,2022-08-07 13:59:00,,,,,,,,,
220,24,220,130300896,Good,2022-08-07 14:00:00,,,,,,,,,
221,24,221,130300896,Good,2022-08-07 14:01:00,,,,,,,,,
222,24,222,130300896,Good,2022-08-07 14:01:00,,,,,,,,,
223,24,223,130300896,Good,2022-08-07 14:02:00,,,,,,,,,
224,36,224,120200213,Semangat Bunda ku yg dirumah... utk ngasih ASI ke Kayla,2022-08-08 13:59:00,,,,,,,,,
225,36,225,31101119,Lanjutannya. Part 2. Mantap,2022-08-08 14:01:00,,,,,,,,,
226,35,226,220100001,MC nya kocak banget. Makasih ilmunya,2022-08-08 15:17:00,,,,,,,,,
227,36,227,31001008,Asi sehat,2022-08-10 21:56:00,,,,,,,,,
228,24,228,31001008,Good,2022-08-10 22:09:00,,,,,,,,,
229,34,229,31001008,Mantap dan membangun,2022-08-10 22:14:00,,,,,,,,,
230,30,230,31001008,Mantap dan membangun,2022-08-10 22:16:00,,,,,,,,,
231,30,231,31001008,Mantap dan membangun,2022-08-10 22:16:00,,,,,,,,,
232,30,232,31001008,Mantap dan membangun,2022-08-10 22:16:00,,,,,,,,,
233,30,233,31001008,Mantap dan membangun,2022-08-10 22:16:00,,,,,,,,,
234,33,234,31001008,Good,2022-08-10 23:48:00,,,,,,,,,
235,33,235,31001008,Good,2022-08-10 23:48:00,,,,,,,,,
236,33,236,31001008,Good,2022-08-10 23:48:00,,,,,,,,,
237,33,237,31001008,Good,2022-08-10 23:48:00,,,,,,,,,
238,33,238,31001008,Good,2022-08-10 23:48:00,,,,,,,,,
239,33,239,31001008,Good,2022-08-10 23:48:00,,,,,,,,,
240,33,240,31001008,Good,2022-08-10 23:48:00,,,,,,,,,
241,33,241,31001008,Good,2022-08-10 23:48:00,,,,,,,,,
242,33,242,31001008,Good,2022-08-10 23:48:00,,,,,,,,,
243,33,243,31001008,Good,2022-08-10 23:48:00,,,,,,,,,
244,33,244,31001008,Good,2022-08-10 23:48:00,,,,,,,,,
245,33,245,31001008,Good,2022-08-10 23:48:00,,,,,,,,,
246,33,246,31001008,Good,2022-08-10 23:48:00,,,,,,,,,
247,33,247,31001008,Good,2022-08-10 23:48:00,,,,,,,,,
248,33,248,31001008,Good,2022-08-10 23:48:00,,,,,,,,,
249,33,249,31001008,Good,2022-08-10 23:48:00,,,,,,,,,
250,33,250,31001008,Good,2022-08-10 23:48:00,,,,,,,,,
251,33,251,31001008,Good,2022-08-10 23:48:00,,,,,,,,,
252,35,252,190600616,Like,2022-08-11 08:12:00,,,,,,,,,
253,35,253,20100013,kASIh ibu tiada tara,2022-08-11 09:40:00,,,,,,,,,
254,36,254,20100013,Lanjut Part 2 ,2022-08-11 10:37:00,,,,,,,,,
255,35,255,130200267,semangat buat para Ibu yang memberikan ASI kepada bayi nya,2022-08-11 15:39:00,,,,,,,,,
256,37,256,130501706,Bagus,2022-08-11 17:15:00,,,,,,,,,
257,37,257,10100380,Luar biasa,2022-08-11 18:21:00,,,,,,,,,
258,37,258,10100380,Luar biasa,2022-08-11 18:21:00,,,,,,,,,
259,37,259,10100380,Luar biasa,2022-08-11 18:21:00,,,,,,,,,
260,37,260,10100380,Luar biasa,2022-08-11 18:21:00,,,,,,,,,
261,13,261,20300667,Bagus,2022-08-11 20:19:00,,,,,,,,,
262,13,262,20300667,Bagus,2022-08-11 20:19:00,,,,,,,,,
263,37,263,31101119,Podcast nya kekinian... like banget dengan ketiga host nya. keren,2022-08-12 08:35:00,,,,,,,,,
264,37,264,80800639,mantap,2022-08-12 08:39:00,,,,,,,,,
265,37,265,180100029,Good,2022-08-12 08:58:00,,,,,,,,,
266,37,266,130501923,Wujud kreatifitas dari remaja dalam dunia fashion sih ini..   ,2022-08-12 09:08:00,,,,,,,,,
267,37,267,201000879,kereen,2022-08-12 09:42:00,,,,,,,,,
268,37,268,201000879,nice,2022-08-12 09:44:00,,,,,,,,,
269,37,269,200400437,mantap,2022-08-12 09:53:00,,,,,,,,,
270,37,270,130702275,mantap,2022-08-12 13:39:00,,,,,,,,,
271,37,271,111001457,Wihh....luar biasa,2022-08-12 16:25:00,,,,,,,,,
272,37,272,130300922,permisiiim moon maap ribet bgt ya headphone pake dileher ama kepala bapack2,2022-08-13 08:48:00,,,,,,,,,
273,37,273,30800893,good mantap ,2022-08-13 09:15:00,,,,,,,,,
274,37,274,21201804,Alhamdulillah dapet ilmu baru lagi mantap,2022-08-13 09:59:00,,,,,,,,,
275,37,275,130501746,Mantab dapet ilmu baru,2022-08-13 10:28:00,,,,,,,,,
276,36,276,220200214,Lanjutan part 2,2022-08-13 14:27:00,,,,,,,,,
277,37,277,920700069,Keren habis..... ,2022-08-15 11:57:00,,,,,,,,,
278,37,278,110901003,seru nih...,2022-08-16 09:21:00,,,,,,,,,
279,37,279,100300218,Fenome aktualisasi diri cenah,2022-08-16 18:05:00,,,,,,,,,
280,37,280,130401605,alus pisan,2022-08-18 13:46:00,,,,,,,,,
281,36,281,130401300,sangat bantu ini untuk yang habis melahirkan,2022-08-19 14:47:00,,,,,,,,,
282,38,282,30400496,keberagaman wajib kita wujudkan dan menjaganya dg semangat kemerdekaan,2022-08-19 18:43:00,,,,,,,,,
283,38,283,30400496,keberagaman wajib kita wujudkan dan menjaganya dg semangat kemerdekaan,2022-08-19 18:43:00,,,,,,,,,
284,38,284,30400496,keberagaman wajib kita wujudkan dan menjaganya dg semangat kemerdekaan,2022-08-19 18:43:00,,,,,,,,,
285,38,285,30400496,keberagaman wajib kita wujudkan dan menjaganya dg semangat kemerdekaan,2022-08-19 18:43:00,,,,,,,,,
286,38,286,30400496,keberagaman wajib kita wujudkan dan menjaganya dg semangat kemerdekaan,2022-08-19 18:43:00,,,,,,,,,
287,38,287,30200223,bagus banget apa lagi dlm lingkungan kerja kita sebagai insan enseval masih bisa menjunjung apa yang namanya adab .... mantullll ,2022-08-19 19:09:00,,,,,,,,,
288,38,288,31101119,Semangat kebersamaan... Merdeka,2022-08-20 07:13:00,,,,,,,,,
289,38,289,130300689,Merdeka,2022-08-20 08:04:00,,,,,,,,,
290,38,290,130401300,Sekali merdeka tetap merdeka...,2022-08-20 08:13:00,,,,,,,,,
291,38,291,201000879,makasih ,2022-08-20 08:17:00,,,,,,,,,
292,38,292,960600073,Merdekaaaaa!,2022-08-20 08:28:00,,,,,,,,,
293,38,293,130300843,merdekaaaa,2022-08-20 08:42:00,,,,,,,,,
294,38,294,110700641,merdeka,2022-08-20 09:01:00,,,,,,,,,
295,38,295,10800777,Wuih... Guwes setar nya josss... ,2022-08-20 10:47:00,,,,,,,,,
296,38,296,130601998,Merdeka Top lah pokoknya,2022-08-20 10:53:00,,,,,,,,,
297,38,297,970600055,Merdeka,2022-08-20 10:57:00,,,,,,,,,
298,38,298,110300270,Mantul Pak Bachtiar dan Pak Haryanto ....Merdeka..,2022-08-20 10:59:00,,,,,,,,,
299,38,299,30300329,Cekrek! Cekrek! Cekrek! Merdeka !!!,2022-08-20 11:00:00,,,,,,,,,
300,38,300,10100396,Sekali Merdeka Tetap Merdeka.....,2022-08-20 11:02:00,,,,,,,,,
301,38,301,10100396,Sekali Merdeka Tetap Merdeka.....,2022-08-20 11:02:00,,,,,,,,,
302,38,302,110300227,Sikok Bagi Duo...... MERDEKA!!!!,2022-08-20 11:03:00,,,,,,,,,
303,38,303,20200430,Mantap Pak Haryanto dan Pak Bachtiar Merdekaaa…,2022-08-20 11:04:00,,,,,,,,,
304,38,304,10600683,Harga mati Pak Har dan Pak Bachtiar...Merdeka,2022-08-20 11:04:00,,,,,,,,,
305,38,305,10600683,Harga mati Pak Har dan Pak Bachtiar...Merdeka,2022-08-20 11:04:00,,,,,,,,,
306,38,306,170200089,PAK HAR SLEBEWWWW...  <3,2022-08-20 11:11:00,,,,,,,,,
307,38,307,130300670,Merdeka!!!,2022-08-20 11:12:00,,,,,,,,,
308,38,308,30600713,keren banget...,2022-08-20 11:13:00,,,,,,,,,
309,38,309,181101025,mantul... semangat merdeka,2022-08-20 11:15:00,,,,,,,,,
310,38,310,30100113,keren dan merdeka....,2022-08-20 11:22:00,,,,,,,,,
311,38,311,91000702,Nasionalisme sangat penting terhadap kehidupan berbangsa dan bernegara karena merupakan wujud kecintaan dan kehormatan terhadap bangsa. Luar biasa pak Haryanto,2022-08-20 11:23:00,,,,,,,,,
312,38,312,91000702,Nasionalisme sangat penting terhadap kehidupan berbangsa dan bernegara karena merupakan wujud kecintaan dan kehormatan terhadap bangsa. Luar biasa pak Haryanto,2022-08-20 11:23:00,,,,,,,,,
313,38,313,121101821,keren ,2022-08-20 11:33:00,,,,,,,,,
314,38,314,120600963,Merdeka pak har dan pak bachtiar ,2022-08-20 11:41:00,,,,,,,,,
315,38,315,210100078,Keren Pak Har & Pak Bachtiar..... Merdeka,2022-08-20 11:58:00,,,,,,,,,
316,38,316,20100062,Mantap pak Har  pak Bachtiar & pak Gom. Merdeka... ,2022-08-20 12:12:00,,,,,,,,,
317,38,317,10100179,Mantabbb ..Pak Haryanto  Pak Bachtiar dan Pak Gomarus Merdekaaa,2022-08-20 12:19:00,,,,,,,,,
318,38,318,10100298,wujud kecintaan kita terhadap Bangsa dan Negara adalah rasa Nasionalisme serta Patriotisme sebagai warga negara yg baik  Merdeka pak Har dan pak Bachtiar...keren..,2022-08-20 12:32:00,,,,,,,,,
319,38,319,20400907,Keren,2022-08-20 12:36:00,,,,,,,,,
320,38,320,971000103,mantapppppp ,2022-08-20 12:37:00,,,,,,,,,
321,38,321,960500063,Mantul............,2022-08-20 12:55:00,,,,,,,,,
322,38,322,910800079,Luar biasa.. Jossgandos,2022-08-20 13:22:00,,,,,,,,,
323,38,323,220300384,Berasa semangat... MERDEKA,2022-08-20 13:55:00,,,,,,,,,
324,38,324,31001041,mantap MC dan para narasumber nya,2022-08-20 14:06:00,,,,,,,,,
325,38,325,191201181,MERDEKA,2022-08-20 14:27:00,,,,,,,,,
326,38,326,191201181,MERDEKA,2022-08-20 14:27:00,,,,,,,,,
327,38,327,130200365,pak bachtiar ditanyain mie ayam ponyo pakk ,2022-08-20 16:26:00,,,,,,,,,
328,38,328,930200023,Merdeka ,2022-08-20 16:35:00,,,,,,,,,
329,38,329,40900312,Merdeka,2022-08-20 17:41:00,,,,,,,,,
330,1,330,130401325,mantap ,2022-08-21 04:46:00,,,,,,,,,
331,38,331,20400907,keren,2022-08-22 07:55:00,,,,,,,,,
332,37,332,130501844,Mantapp kreatifitas tanpa batas,2022-08-22 08:22:00,,,,,,,,,
333,38,333,130300718,Luar Biasa,2022-08-22 09:55:00,,,,,,,,,
334,38,334,200100085,Semangat Kemerdekaan,2022-08-22 11:18:00,,,,,,,,,
335,38,335,60500341,#KalauMauPastiBisa,2022-08-22 14:18:00,,,,,,,,,
336,29,336,130301102,Bagus ,2022-08-22 14:30:00,,,,,,,,,
337,38,337,200400437,mantap,2022-08-24 07:33:00,,,,,,,,,
338,38,338,220300363,MERDEKA,2022-08-24 09:12:00,,,,,,,,,
339,38,339,130300728,merdeka,2022-08-24 12:16:00,,,,,,,,,
340,38,340,130300728,merdeka,2022-08-24 12:16:00,,,,,,,,,
341,38,341,90200124,Semangat Kemerdekaan,2022-08-24 14:39:00,,,,,,,,,
342,1,342,10300457,Ok bangettt,2022-08-25 12:01:00,,,,,,,,,
343,1,343,30700743,Baguus,2022-08-25 13:34:00,,,,,,,,,
344,38,344,300046,Merdekaaa,2022-08-25 14:14:00,,,,,,,,,
345,38,345,150300140,PODTRET keren,2022-08-26 07:12:00,,,,,,,,,
346,38,346,80800639,merdeka,2022-08-26 08:27:00,,,,,,,,,
347,38,347,80800639,merdeka,2022-08-26 08:28:00,,,,,,,,,
348,38,348,80800639,merdeka,2022-08-26 08:28:00,,,,,,,,,
349,38,349,80800639,merdeka,2022-08-26 08:28:00,,,,,,,,,
350,38,350,80800639,merdeka,2022-08-26 08:28:00,,,,,,,,,
351,38,351,80800639,merdeka,2022-08-26 08:28:00,,,,,,,,,
352,38,352,80800639,merdeka,2022-08-26 08:28:00,,,,,,,,,
353,38,353,80800639,merdeka,2022-08-26 08:28:00,,,,,,,,,
354,38,354,80800639,merdeka,2022-08-26 08:28:00,,,,,,,,,
355,38,355,80800639,merdeka,2022-08-26 08:28:00,,,,,,,,,
356,38,356,80800639,merdeka,2022-08-26 08:28:00,,,,,,,,,
357,38,357,80800639,merdeka,2022-08-26 08:28:00,,,,,,,,,
358,38,358,991000070,semangat merdeka,2022-08-26 08:34:00,,,,,,,,,
359,38,359,220701177,merdeka,2022-08-26 10:31:00,,,,,,,,,
360,38,360,130501923, Indonesia adalah negara kaya raya. Merdeka....,2022-08-26 10:43:00,,,,,,,,,
361,37,361,130200267,Keren,2022-08-26 14:39:00,,,,,,,,,
362,38,362,130300878,merdeka,2022-08-26 14:56:00,,,,,,,,,
363,1,363,130300868,Bagusssss,2022-08-26 15:23:00,,,,,,,,,
364,38,364,130200274,Merdeka,2022-08-26 19:42:00,,,,,,,,,
365,31,365,130200274,Thanks for sharing,2022-08-26 19:48:00,,,,,,,,,
366,39,366,30300304,Mantap dan mendidik.,2022-08-26 21:00:00,,,,,,,,,
367,39,367,130301139,Mendidik,2022-08-26 21:10:00,,,,,,,,,
368,39,368,120600956,Mantap,2022-08-27 09:24:00,,,,,,,,,
369,39,369,220300476,Menarik,2022-08-27 09:46:00,,,,,,,,,
370,39,370,191201181,Makasih ilmunya,2022-08-27 10:30:00,,,,,,,,,
371,39,371,31101119,Salam kenal Mba Mitha Legal.... ,2022-08-27 12:06:00,,,,,,,,,
372,39,372,30200223,mantulllllllll,2022-08-27 13:57:00,,,,,,,,,
373,39,373,201000879,Bagus,2022-08-27 14:05:00,,,,,,,,,
374,39,374,51100441,Cantik Narasumber nya ,2022-08-27 14:35:00,,,,,,,,,
375,37,375,120200213,Kreatif,2022-08-27 14:37:00,,,,,,,,,
376,39,376,130802312,Bermanfaat banget sharing knowledge nya ,2022-08-28 06:17:00,,,,,,,,,
377,39,377,130702275,mantap,2022-08-29 09:22:00,,,,,,,,,
378,39,378,90500327,Bagus,2022-08-29 09:24:00,,,,,,,,,
379,39,379,130300878,mantap,2022-08-29 09:24:00,,,,,,,,,
380,39,380,10100182,OK penjelasannya,2022-08-29 09:56:00,,,,,,,,,
381,37,381,51100441,keren sekali,2022-08-29 10:22:00,,,,,,,,,
382,38,382,90500327,MERDEKA DONG,2022-08-29 10:24:00,,,,,,,,,
383,39,383,130902517,alhamdulilah... jadi kenal dengan orang-orang dari pusat,2022-08-29 10:43:00,,,,,,,,,
384,37,384,90500327,kerennnn,2022-08-29 10:46:00,,,,,,,,,
385,39,385,980100005,Mantab..salam sehat buat kita semua,2022-08-29 11:38:00,,,,,,,,,
386,39,386,130401300,keren informasinya,2022-08-29 11:51:00,,,,,,,,,
387,39,387,200400437,bagus sekali,2022-08-29 14:12:00,,,,,,,,,
388,39,388,940100006,Keren bingits,2022-08-29 14:27:00,,,,,,,,,
389,39,389,220300384,wow keren,2022-08-29 14:30:00,,,,,,,,,
390,37,390,160100025,PODTRET nya keren... informasinya up to date,2022-08-29 14:59:00,,,,,,,,,
391,38,391,160100025,Semangat Merdeka,2022-08-29 15:22:00,,,,,,,,,
392,39,392,130300916,Bagus,2022-08-30 08:21:00,,,,,,,,,
393,39,393,130300916,Bagus,2022-08-30 08:21:00,,,,,,,,,
394,39,394,160100025,akhirnya jadi bisa kenal.. makasih,2022-08-30 08:46:00,,,,,,,,,
395,39,395,130902439,Halo mba Mitha  yang ditunggu nampil juga. Mba mitha di temuin sama mas Artha cocok nih. Btw  di Bengkulu lagi musim durian. Kuy lah ~,2022-08-30 11:33:00,,,,,,,,,
396,38,396,180600513,MERDEKA,2022-08-30 14:41:00,,,,,,,,,
397,39,397,180600513,jadi kenal... semangat,2022-08-30 15:10:00,,,,,,,,,
398,39,398,180800725,luar biasa,2022-08-30 17:10:00,,,,,,,,,
399,39,399,300043,Bagus,2022-08-30 18:46:00,,,,,,,,,
400,1,400,910900098,Planet enseval,2022-08-30 20:55:00,,,,,,,,,
401,39,401,180600513,bagus sekali,2022-08-31 08:53:00,,,,,,,,,
402,37,402,220300402,kekinian,2022-08-31 09:30:00,,,,,,,,,
403,37,403,40900322,Salam semuanya,2022-08-31 09:46:00,,,,,,,,,
404,38,404,220300402,Semangat Kemerdekaan,2022-08-31 09:53:00,,,,,,,,,
405,38,405,131203021,Merdeka,2022-08-31 10:31:00,,,,,,,,,
406,38,406,220300363,Merdekaaaaaaaaa,2022-08-31 10:38:00,,,,,,,,,
407,38,407,40900322,salam dari Banjarmasin,2022-08-31 10:39:00,,,,,,,,,
408,39,408,131203021,Mantap,2022-08-31 10:58:00,,,,,,,,,
409,37,409,200100085,Ilmu yang bermanfaat ,2022-08-31 11:10:00,,,,,,,,,
410,39,410,200400400,Jadi kenal sama orang pusat,2022-08-31 12:31:00,,,,,,,,,
411,39,411,130300693,ok,2022-08-31 12:42:00,,,,,,,,,
412,37,412,991000076,keren semua,2022-08-31 13:26:00,,,,,,,,,
413,39,413,200100085,mantap,2022-09-01 10:51:00,,,,,,,,,
414,32&t=a,414,130401556,CAKEP... MOTIVASINYA,2022-09-01 13:27:00,,,,,,,,,
415,40,415,31101119,MC nya keren... kekinian info dan pembahasannya. Mantap. Terima kasih.,2022-09-02 14:42:00,,,,,,,,,
416,40,416,30200203,Kren,2022-09-05 15:38:00,,,,,,,,,
417,40,417,30200203,Kreeen,2022-09-05 15:42:00,,,,,,,,,
418,40,418,30200203,Kreeen,2022-09-05 15:42:00,,,,,,,,,
419,40,419,30200203,Kreeen,2022-09-05 15:43:00,,,,,,,,,
420,40,420,30200203,Bagus,2022-09-05 15:43:00,,,,,,,,,
421,40,421,30200203,Bagus,2022-09-05 15:43:00,,,,,,,,,
422,40,422,30200203,Vagus,2022-09-05 15:44:00,,,,,,,,,
423,40,423,30200203,Bagus,2022-09-05 15:44:00,,,,,,,,,
424,40,424,30200203,Kreen,2022-09-05 15:44:00,,,,,,,,,
425,40,425,30200203,Kreeen,2022-09-05 15:45:00,,,,,,,,,
426,40,426,30200203,Bagus,2022-09-05 15:45:00,,,,,,,,,
427,40,427,30200203,Bagus,2022-09-05 15:45:00,,,,,,,,,
428,40,428,30200203,Bagus,2022-09-05 15:45:00,,,,,,,,,
429,40,429,30200203,Bagus,2022-09-05 15:45:00,,,,,,,,,
430,40,430,30200203,Kreen,2022-09-05 15:46:00,,,,,,,,,
431,40,431,30200203,Bagus,2022-09-05 15:46:00,,,,,,,,,
432,40,432,30200203,Bagus,2022-09-05 15:46:00,,,,,,,,,
433,40,433,30200203,Bagus,2022-09-05 15:46:00,,,,,,,,,
434,40,434,30200203,Bagus,2022-09-05 15:47:00,,,,,,,,,
435,40,435,30200203,Bagus,2022-09-05 15:47:00,,,,,,,,,
436,40,436,30200203,Bagus,2022-09-05 15:47:00,,,,,,,,,
437,40,437,30200203,Bagus,2022-09-05 15:47:00,,,,,,,,,
438,40,438,30200203,Bagus,2022-09-05 15:48:00,,,,,,,,,
439,40,439,30200203,Kreen,2022-09-05 15:48:00,,,,,,,,,
440,40,440,30200203,Bagus,2022-09-05 15:48:00,,,,,,,,,
441,40,441,30200203,Bagus,2022-09-05 15:48:00,,,,,,,,,
442,40,442,30200203,Bagus,2022-09-05 15:49:00,,,,,,,,,
443,40,443,30200203,Bagus,2022-09-05 15:49:00,,,,,,,,,
444,40,444,30200203,Bagus,2022-09-05 15:49:00,,,,,,,,,
445,1,445,30200203,Bagus,2022-09-05 15:49:00,,,,,,,,,
446,1,446,30200203,Bagus,2022-09-05 15:50:00,,,,,,,,,
447,40,447,30400496,dunia ghoib,2022-09-06 08:08:00,,,,,,,,,
448,40,448,30400496,dunia ghoib,2022-09-06 08:08:00,,,,,,,,,
449,40,449,161100540,yamg lagi trend saat ini,2022-09-06 11:29:00,,,,,,,,,
450,40,450,51100441,mantap,2022-09-06 12:55:00,,,,,,,,,
451,40,451,40900322,Magic,2022-09-06 14:04:00,,,,,,,,,
452,1,452,50200054,kereenn,2022-09-07 01:07:00,,,,,,,,,
453,40,453,31001041,Bisa sulap bisa sihir,2022-09-07 12:38:00,,,,,,,,,
454,40,454,150300140,Yang lagi heboh ... keren,2022-09-07 14:12:00,,,,,,,,,
455,40,455,130300745,Update podtret nya,2022-09-07 16:20:00,,,,,,,,,
456,1,456,40100022,Mantap,2022-09-08 06:43:00,,,,,,,,,
457,40,457,200400437,Red Magician,2022-09-08 13:51:00,,,,,,,,,
458,40,458,200400437,Red Magician,2022-09-08 13:51:00,,,,,,,,,
459,40,459,950200010,viral ,2022-09-08 14:15:00,,,,,,,,,
460,40,460,160100025,kekinian,2022-09-08 14:25:00,,,,,,,,,
461,40,461,140600635,keren MC nya,2022-09-09 13:39:00,,,,,,,,,
462,40,462,140600635,keren MC nya,2022-09-09 13:39:00,,,,,,,,,
463,41,463,60300166,Tq buat pelajaran ini.semoga makin waspada dengan penipuan2 yang ada..,2022-09-09 20:22:00,,,,,,,,,
464,41,464,20300572,Thank atas pembelajaran nya.Semoga kita semua terhindar dari segala jenis penipuan.,2022-09-10 08:02:00,,,,,,,,,
465,40,465,120600956,mantap,2022-09-14 12:18:00,,,,,,,,,
466,40,466,200400400,Luar Biasa,2022-09-14 14:05:00,,,,,,,,,
467,40,467,180600513,its magic,2022-09-14 14:38:00,,,,,,,,,
468,42,468,130300922,akhirnya tayang lagi niiih kismiiiisss,2022-09-14 14:38:00,,,,,,,,,
469,42,469,20400907,seru,2022-09-14 17:08:00,,,,,,,,,
470,42,470,20400907,seru,2022-09-14 17:08:00,,,,,,,,,
471,39,471,80800639,oke,2022-09-15 10:28:00,,,,,,,,,
472,40,472,80800639,oke,2022-09-15 10:52:00,,,,,,,,,
473,41,473,31101119,Terima kasih atas info dan pembelajarannya. semoga kita terhindar dari segala macam bentuk penipuan,2022-09-15 11:03:00,,,,,,,,,
474,42,474,130300689,Banyak hal mistis juga ternyata,2022-09-15 11:18:00,,,,,,,,,
475,41,475,80800639,terima kasih infonya,2022-09-15 11:23:00,,,,,,,,,
476,42,476,31101119,Merinding saya jadinya,2022-09-15 11:44:00,,,,,,,,,
477,42,477,960600073,,2022-09-15 12:03:00,,,,,,,,,
478,42,478,130300719,Ngeri...,2022-09-15 12:22:00,,,,,,,,,
479,42,479,90500327,merinding,2022-09-15 12:28:00,,,,,,,,,
480,42,480,80800639,merinding,2022-09-15 12:37:00,,,,,,,,,
481,41,481,90500327,INFO YG BAGUS MAKSIH,2022-09-15 13:47:00,,,,,,,,,
482,39,482,991000070,OKE,2022-09-16 08:46:00,,,,,,,,,
483,42,483,131203021,Ngeri...,2022-09-16 14:10:00,,,,,,,,,
484,41,484,150300180,Terima kasih atas info dan pembelajarannya,2022-09-17 07:53:00,,,,,,,,,
485,41,485,150300140,ketemu pinjol makin benjol...wkwkwkwkw,2022-09-17 09:11:00,,,,,,,,,
486,41,486,220300361,mantap.. thanks atas pembelajaran nya.. smoga terhindar dri semua bentuk pinjol.. aamiin,2022-09-17 09:15:00,,,,,,,,,
487,42,487,220300361,adduuhh takut.. temenin ke wc dong...,2022-09-17 09:17:00,,,,,,,,,
488,41,488,150500247,informasi yang bermanfaat,2022-09-17 11:03:00,,,,,,,,,
489,41,489,130300728,makasih bermanfaat,2022-09-17 13:15:00,,,,,,,,,
490,40,490,960100018,Mantap,2022-09-18 07:59:00,,,,,,,,,
491,41,491,960100018,Makch,2022-09-18 08:04:00,,,,,,,,,
492,42,492,220701177,Mistis,2022-09-19 08:35:00,,,,,,,,,
493,42,493,180200166,Merinding dengar ceritanya,2022-09-19 13:29:00,,,,,,,,,
494,41,494,161200589,sangat bermanfaat,2022-09-20 08:19:00,,,,,,,,,
495,42,495,910500054,menghiburrrrrr,2022-09-20 12:04:00,,,,,,,,,
496,1,496,130401421,Mantap,2022-09-21 17:38:00,,,,,,,,,
497,41,497,120200213,alhamdulillah..bermanfaat sekali infonya,2022-09-22 13:39:00,,,,,,,,,
498,41,498,120200213,alhamdulillah..bermanfaat sekali infonya,2022-09-22 13:39:00,,,,,,,,,
499,41,499,910200023,sangat bermanfaat,2022-09-22 14:13:00,,,,,,,,,
500,42,500,910200023,seru,2022-09-22 14:22:00,,,,,,,,,
501,43,501,31101119,Waaaa....ada nama saya.. Makasih tim podcast,2022-09-23 19:19:00,,,,,,,,,
502,43,502,30200223,happy birthday  epm jaya dan maju terus,2022-09-23 20:32:00,,,,,,,,,
503,43,503,140600681,happy birthday Enseval 49.mkn jaya selalu ammien.,2022-09-24 07:04:00,,,,,,,,,
504,43,504,130601981,Mantap Mbak Isna,2022-09-24 07:17:00,,,,,,,,,
505,43,505,130702275,HBD EPM ke 49..semoga makin jaya selalu..aamiinn,2022-09-24 07:37:00,,,,,,,,,
506,43,506,90500327,IH acil isna disebut namanya,2022-09-24 07:47:00,,,,,,,,,
507,43,507,10600683,Happy B'Day Enseval Andriyanto Putera Megatrading Tbk....rasa meiliki lebih....wkwkwk,2022-09-24 08:11:00,,,,,,,,,
508,43,508,10600683,Happy B'Day Enseval Andriyanto Putera Megatrading Tbk....rasa meiliki lebih....wkwkwk,2022-09-24 08:11:00,,,,,,,,,
509,43,509,10600683,Happy B'Day Enseval Andriyanto Putera Megatrading Tbk....rasa meiliki lebih....wkwkwk,2022-09-24 08:11:00,,,,,,,,,
510,43,510,10600683,Happy B'Day Enseval Andriyanto Putera Megatrading Tbk....rasa meiliki lebih....wkwkwk,2022-09-24 08:11:00,,,,,,,,,
511,43,511,10600683,Happy B'Day Enseval Andriyanto Putera Megatrading Tbk....rasa meiliki lebih....wkwkwk,2022-09-24 08:11:00,,,,,,,,,
512,43,512,10600683,Happy B'Day Enseval Andriyanto Putera Megatrading Tbk....rasa meiliki lebih....wkwkwk,2022-09-24 08:11:00,,,,,,,,,
513,43,513,10600683,Happy B'Day Enseval Andriyanto Putera Megatrading Tbk....rasa meiliki lebih....wkwkwk,2022-09-24 08:11:00,,,,,,,,,
514,43,514,160100011,Happy Birthday Enseval yang ke- 49 semoga jaya terus selama,2022-09-24 08:13:00,,,,,,,,,
515,43,515,110800921,Happy Birthday PT. Enseval yang ke 49  semakin jaya selalu…,2022-09-24 08:31:00,,,,,,,,,
516,43,516,20300572,Happy Birthday EPM ke-49 Maju,2022-09-24 09:07:00,,,,,,,,,
517,43,517,30400496,Happy Birthday PT. The 49th enseval Jaya & Terus berkarya.#GOBEYOND salam sehat dan semakin jaya untuk keluarga besar EPM dan Indonesia,2022-09-24 09:18:00,,,,,,,,,
518,43,518,220100202,Happy birthday EPM KE 49  SEMAKIN JAYA DAN MAJU #GOBEYOND,2022-09-24 09:24:00,,,,,,,,,
519,42,519,130902579,Pasukan Gurkha pak gomarus hehehe... tentara bayaran inggris dari Nepal,2022-09-24 10:05:00,,,,,,,,,
520,43,520,70300173,Sampai Jumpa di HUT EMAS EPM 2023 ,2022-09-24 10:33:00,,,,,,,,,
521,42,521,70300173,sudah malam  waktunya pulang bos  ganti aku yang mau kerja ,2022-09-24 11:49:00,,,,,,,,,
522,43,522,20501016,Alhamdulillah kita bisa berbagi mudahan berkah  Selamat Dunia Akhirat,2022-09-24 12:23:00,,,,,,,,,
523,43,523,30700794,HBD EPM Jaya selalu,2022-09-25 12:22:00,,,,,,,,,
524,43,524,10100133,Happy Birthday  EPM  :),2022-09-26 14:36:00,,,,,,,,,
525,43,525,10100133,Happy Birthday  EPM  :),2022-09-26 14:36:00,,,,,,,,,
526,43,526,120600956,Happy Birthday EPM ke 49 tahun jaya terus,2022-09-26 15:03:00,,,,,,,,,
527,40,527,220901459,Manttuulll,2022-09-26 18:09:00,,,,,,,,,
528,43,528,211201377,Jaya Terus Enseval ,2022-09-26 18:50:00,,,,,,,,,
529,43&t=a,529,210700673,HBD EPM 49 Go Beyond Jaya Selalu,2022-09-26 19:05:00,,,,,,,,,
530,43,530,210700673,HBD EPM 49 Go Beyond Jaya Selalu,2022-09-26 19:05:00,,,,,,,,,
531,43,531,80800639,Happy birthday EPM KE 49  SEMAKIN JAYA DAN MAJU #GOBEYOND,2022-09-27 09:09:00,,,,,,,,,
532,43,532,111001424,Happy Birthday Enseval  semoga panjang umur dan sehat selalu Amin…,2022-09-28 09:05:00,,,,,,,,,
533,43,533,111001424,Happy Birthday Enseval  semoga panjang umur dan sehat selalu Amin…,2022-09-28 09:05:00,,,,,,,,,
534,42,534,111001424,hii...serem....,2022-09-28 12:53:00,,,,,,,,,
535,43,535,20500994,HBD EPM... Jaya selalu,2022-09-29 15:11:00,,,,,,,,,
536,43,536,191201181,Selamat Ulang Tahun EPM yang ke-49. Jaya selalu,2022-09-30 10:38:00,,,,,,,,,
537,43,537,180900758,Selamat ulang tahun epm ke-49. #SUKSES DAN SEMAKIN TERDEPAN. ,2022-10-01 09:03:00,,,,,,,,,
538,44,538,31101119,Hai... Ka Michael.... Senang bisa melihat Kaka di Podcast ini. Tetap ingat dan jangan sampai melupakan kami yaaaa... ,2022-10-03 11:02:00,,,,,,,,,
539,43,539,130300745,Happy Besday EPM tercinta,2022-10-05 08:46:00,,,,,,,,,
540,43,540,130300719,Alhamdulilah saya dapat door prize tahun ini,2022-10-05 13:08:00,,,,,,,,,
541,44,541,10100133,terima kasih sudah berbagi  about Alzheimer   :),2022-10-06 07:38:00,,,,,,,,,
542,44,542,150900546,terima kasih sudah berbagi,2022-10-06 12:54:00,,,,,,,,,
543,44,543,80800639,terima kasih sudah berbagi infonya..,2022-10-07 12:56:00,,,,,,,,,
544,43,544,50600227,Bangkit lebih cepat  pulih lebih kuat #HBD Enseval ,2022-10-10 09:06:00,,,,,,,,,
545,44,545,70300173,hallo mas Mic.. senang bisa jumpa di PODTRET,2022-10-10 09:42:00,,,,,,,,,
546,45,546,180800713,Semangat,2022-10-10 10:11:00,,,,,,,,,
547,34,547,180800713,Mantaf,2022-10-10 11:28:00,,,,,,,,,
548,34,548,180800713,Mantaf dan terpeecaya,2022-10-10 11:28:00,,,,,,,,,
549,34,549,180800713,Mantaf dan terpeecaya,2022-10-10 11:28:00,,,,,,,,,
550,45,550,70300173,thank you for your sharing mas Mic.. God bless you more ,2022-10-10 12:19:00,,,,,,,,,
551,44,551,130300712,bagus sekali,2022-10-12 11:37:00,,,,,,,,,
552,45,552,31101119,Makasih atas sharing nya ya Ka Michael ,2022-10-12 12:30:00,,,,,,,,,
553,44,553,90500327,jgn sampai ya,2022-10-12 14:13:00,,,,,,,,,
554,45,554,130702275,terimakasih sharingnya,2022-10-12 14:32:00,,,,,,,,,
555,44,555,130702275,terima kasih sudah berbagi infonya..,2022-10-12 14:34:00,,,,,,,,,
556,45,556,90500327,makasih ya infonya mas  ,2022-10-12 14:38:00,,,,,,,,,
557,44,557,220600944,Sangat bermanfaat sekali informasinya ,2022-10-12 15:48:00,,,,,,,,,
558,45,558,220901431,Terimakasih infonya ..,2022-10-12 16:14:00,,,,,,,,,
559,43,559,90200124,Semangat menuju EPM 50 tahun,2022-10-13 13:09:00,,,,,,,,,
560,46,560,30400496,Sebelum melakukan aktivitas apapun sebaiknya Berdo'a terlebih dahulu agar dihindarkan dari hal2 yg tdk baik dan aktifitas kita terhitung ibadah,2022-10-13 16:56:00,,,,,,,,,
561,46,561,110700657,Berdia sebelum melakukan aktifitas,2022-10-13 18:35:00,,,,,,,,,
562,46,562,110700657,Berdoa,2022-10-13 18:35:00,,,,,,,,,
563,46,563,31101119,Selalu berdoa setiap akan melakukan aktivitas agar dalam lindungan Nya,2022-10-14 10:27:00,,,,,,,,,
564,46,564,160400187,menit 29.45 - 29. 51.  asli ngakak,2022-10-14 11:51:00,,,,,,,,,
565,46,565,220300384,agak ngeri,2022-10-14 14:21:00,,,,,,,,,
566,45,566,60600434,terimakasih sharingnya..sukses sllu ya pa..,2022-10-17 14:18:00,,,,,,,,,
567,46,567,180900816,Boleh lah,2022-10-19 20:24:00,,,,,,,,,
568,35,568,150700401,ASI memang selalu yg terbaik buat si ANAK.. Kasih ibu tak ternilai,2022-10-20 09:48:00,,,,,,,,,
569,36,569,150700401,Top lah pokok nya,2022-10-20 09:51:00,,,,,,,,,
570,38,570,150700401,Salam dari sibolga.. Merdekaaaaaa...!! ,2022-10-20 09:53:00,,,,,,,,,
571,46,571,131203021,Ngeri...,2022-10-20 14:15:00,,,,,,,,,
572,46,572,131203021,Ngeri...,2022-10-20 14:16:00,,,,,,,,,
573,46,573,211201333,ngakak,2022-10-21 10:45:00,,,,,,,,,
574,46,574,211201333,ngakak,2022-10-21 10:46:00,,,,,,,,,
575,45,575,140900923,Terimakasih untuk infonya...,2022-10-21 12:03:00,,,,,,,,,
576,44,576,140900923,Terimakasih sudah berbagi,2022-10-21 12:05:00,,,,,,,,,
577,43,577,140900923,Sukses selalu untuk EPM,2022-10-21 12:06:00,,,,,,,,,
578,42,578,140900923,Seruuuuu.....,2022-10-21 12:08:00,,,,,,,,,
579,41,579,140900923,Sangat bermanfaat,2022-10-21 12:08:00,,,,,,,,,
580,40,580,140900923,Mantaaap,2022-10-21 12:09:00,,,,,,,,,
581,39,581,140900923,Ok,2022-10-21 12:09:00,,,,,,,,,
582,38,582,140900923,Merdekaaaaa....,2022-10-21 12:10:00,,,,,,,,,
583,37,583,140900923,Kerennn,2022-10-21 12:11:00,,,,,,,,,
584,36,584,140900923,Asi sangat sehat sekali,2022-10-21 12:12:00,,,,,,,,,
585,35,585,140900923,Kasih ibu tiada tara,2022-10-21 12:13:00,,,,,,,,,
586,34,586,140900923,Mantaaap n terpecaya,2022-10-21 12:14:00,,,,,,,,,
587,33,587,140900923,Topppp,2022-10-21 12:14:00,,,,,,,,,
588,32,588,140900923,Sukses selalu,2022-10-21 12:15:00,,,,,,,,,
589,41,589,130301118,nice info  sangat bermanfaat,2022-10-22 08:49:00,,,,,,,,,
590,46,590,130902517,Ngeri,2022-10-24 10:11:00,,,,,,,,,
591,1,591,210500430,Ok,2022-10-25 17:07:00,,,,,,,,,
592,47,592,31101119,Alhamdulillah..... bisa ikut berpartisipasi kemarin di saat HUT EPM  berdonasi ke YKI. Semangat buat orang-orang hebat ,2022-10-26 10:46:00,,,,,,,,,
593,46,593,20200381,Ngeri,2022-10-26 13:53:00,,,,,,,,,
594,47,594,171200761,Semangat terus,2022-10-26 15:15:00,,,,,,,,,
595,46,595,171200761,Ngeri,2022-10-26 15:16:00,,,,,,,,,
596,47,596,190600616,Senang bisa berbagi,2022-10-27 09:06:00,,,,,,,,,
597,47,597,161200589,Semangat,2022-10-27 09:42:00,,,,,,,,,
598,46,598,30500565,OSRAmmm,2022-10-27 14:42:00,,,,,,,,,
599,46,599,200400400,Mistis,2022-10-28 13:09:00,,,,,,,,,
600,46,600,130702275,Ngeri...,2022-10-29 09:18:00,,,,,,,,,
601,46,601,90500327,Seraaaaaam,2022-10-29 09:21:00,,,,,,,,,
602,47,602,90500327,org hebat  pemikiran hebat  dan punya hati kasih  utk berbagi,2022-10-29 09:52:00,,,,,,,,,
603,47,603,130702275,Senang bisa berbagi,2022-10-29 09:53:00,,,,,,,,,
604,48,604,90500327,terima kasih atas penjerahannya mas,2022-10-29 10:22:00,,,,,,,,,
605,48,605,130702275,makasih sharingnya,2022-10-29 10:22:00,,,,,,,,,
606,46,606,220300364,Takut,2022-10-29 10:45:00,,,,,,,,,
607,46,607,10100133,sereeem yaah ,2022-10-29 12:08:00,,,,,,,,,
608,48,608,70300173,ABC,2022-10-29 12:16:00,,,,,,,,,
609,48,609,70300173,ABC ,2022-10-29 12:16:00,,,,,,,,,
610,48,610,70300173,ABC. Anak Bu Caca. Act Belonging Commitment. Jadilah seperti ANAK2  LAKUKAN sesuatu yang baru. Ngumpul sama BU-IBU (berKOMUNITAS yang sama dengan  orang2 baru).  Lamar si CACA (berKOMITMEN dengan hal hal baru). ,2022-10-29 12:21:00,,,,,,,,,
611,48,611,31101119,Ilmu yg sangat berharga. MC nya rame jadi menyenangkan menonton PODTRET nya.. Makasih rumus ABC nya.,2022-10-29 12:38:00,,,,,,,,,
612,47,612,10100133,keep spirit,2022-10-29 12:44:00,,,,,,,,,
613,46,613,120600956,Seram,2022-10-29 13:01:00,,,,,,,,,
614,48,614,10100026,Terima kasih intinya otak adalah Investasi masa depan yang harus kita jaga.,2022-10-31 14:19:00,,,,,,,,,
615,48,615,160600278,Materi yang bermanfaat  narasumbernya kompeten dan MC nya gokil,2022-10-31 15:43:00,,,,,,,,,
616,48,616,160600278,Materi yang bermanfaat  narasumbernya kompeten dan MC nya gokil,2022-10-31 15:43:00,,,,,,,,,
617,48,617,160600278,Materi yang bermanfaat  narasumbernya kompeten dan MC nya gokil,2022-10-31 15:43:00,,,,,,,,,
618,48,618,160600278,Materi yang bermanfaat  narasumbernya kompeten dan MC nya gokil,2022-10-31 15:44:00,,,,,,,,,
619,48,619,160600278,Materi yang bermanfaat  narasumbernya kompeten dan MC nya gokil,2022-10-31 15:44:00,,,,,,,,,
620,47,620,60600434,semangat untuk terus berbagi & berkarya dlam segala aspek yang positif...good job,2022-10-31 19:03:00,,,,,,,,,
621,48,621,220901394,Materinya sangat luar biasa  MC & narasumber jg gak kalah keren dan luar biasa...podtret ini sama halnya spt e-learning dimana video2nya merupakan  terus semangat & semangat terus. pembelajaran yg penting utk setiap insan EPM (menurut saya loh ya). Jika boleh saya memberi saran ni  memungkinkan gak ya utk setiap video PODTRET disertakan TEKS utk mewakili setiap suara/kata dari videonya? Agar pembelajaran nya bertambah mudah diresapi. Hihihi terimakasih. Overall keren abis  terus semangat & semangat terus.,2022-11-02 20:03:00,,,,,,,,,
622,1,622,20601128,Ok bangetttt,2022-11-03 09:01:00,,,,,,,,,
623,47,623,960100018,mantap,2022-11-04 13:53:00,,,,,,,,,
624,48,624,20300682,Sangat penting karena utk refres,2022-11-04 13:58:00,,,,,,,,,
625,48,625,20300682,Sangat penting karena materi yg luarbiasa,2022-11-04 13:59:00,,,,,,,,,
626,48,626,20300682,Sangat penting karena materi yg luarbiasa,2022-11-04 14:00:00,,,,,,,,,
627,48,627,20300682,Sangat penting karena materi yg luarbiasa,2022-11-04 14:00:00,,,,,,,,,
628,40,628,151100625,Jossss,2022-11-04 20:14:00,,,,,,,,,
629,49,629,160600278,Apadaya ku yg kaum rebahan + scroll HP  gak suka crowd-crowd,2022-11-05 10:06:00,,,,,,,,,
630,49,630,160600278,Apadaya ku yg kaum rebahan + scroll HP  gak suka crowd-crowd,2022-11-05 10:06:00,,,,,,,,,
631,49,631,31101119,Berusaha menghindari kerumunan  terutama dalam masa pandemi ini.  Crowd nya kalau bisa virtual aja,2022-11-07 09:29:00,,,,,,,,,
632,48,632,130200267,Investasi yang sangat bermanfaat,2022-11-08 10:10:00,,,,,,,,,
633,49,633,130702275,berusaha menghindari kerumunan massa pada kegiatan-kegiatan yang mulai ramai usai kondisi pandemi Covid-19 membaik ini,2022-11-08 13:02:00,,,,,,,,,
634,49,634,90500327,lbh enak tidur2 drpd berkerumun,2022-11-08 13:09:00,,,,,,,,,
635,48,635,191201181,Penting sekali investasi untuk otak,2022-11-09 10:32:00,,,,,,,,,
636,48,636,990400020,Materi yang bermanfaat  nara sumbernya kreenn dan MC luarbiasa,2022-11-09 16:48:00,,,,,,,,,
637,48,637,130300719,bermanfaat sekali,2022-11-10 08:22:00,,,,,,,,,
638,46,638,130200250,mistis skali cabang x itu yahhh,2022-11-10 10:05:00,,,,,,,,,
639,48,639,160100011,Materinya sangat bermanfaat,2022-11-10 10:25:00,,,,,,,,,
640,48,640,120200213,Ilmu yang bermanfaat ,2022-11-12 09:15:00,,,,,,,,,
641,49,641,120200213,Semoga tidak terjadi di banjarmasin,2022-11-12 10:23:00,,,,,,,,,
642,48,642,180600513,kerennnnn infonnyaa,2022-11-12 10:25:00,,,,,,,,,
643,49,643,180600513,jangan ikutan berkerumun pokoknya deh,2022-11-12 11:35:00,,,,,,,,,
644,50,644,100700647,seremmm,2022-11-14 08:22:00,,,,,,,,,
645,50,645,90500327,OOOOO SERAM,2022-11-14 10:09:00,,,,,,,,,
646,50,646,31101119,Hiiiiiiiii..... saya langsung merinding..... menonton Kumis  sambil membayangkan jalan cerita. Tapi menonton PODTRET KUMIS ini selalu jadi penasaran dengan ceritanya. Makasih MC,2022-11-14 12:48:00,,,,,,,,,
647,50,647,80800639,sereeeemmmm,2022-11-15 12:36:00,,,,,,,,,
648,50,648,131203021,Seeerrreeeeemmmm,2022-11-15 13:56:00,,,,,,,,,
649,50,649,110800921,Sereem...,2022-11-15 16:26:00,,,,,,,,,
650,50,650,960100018,Hmmm...,2022-11-15 17:45:00,,,,,,,,,
651,43,651,130501873,shio oh,2022-11-16 21:53:00,,,,,,,,,
652,50,652,30400436,Serem guys,2022-11-17 20:49:00,,,,,,,,,
653,50,653,130300716,woow,2022-11-18 13:52:00,  Sugoku kowai,, :(,,,,,,
654,49,654,70300173,mulai belajar untuk melihat kondisi sekitar jika terjadi sesuatu buruk terjadi.... siip,2022-11-19 10:22:00,,,,,,,,,
655,51,655,20601246,cucok jadi  bopack-bopack milenial,2022-11-19 10:51:00,,,,,,,,,
656,50,656,70300173,waduh padahal siang bolong ya  bukan waktunya main nak.... 2 sosok itu ga suka anaknya main sama manusia...  duh dek ,2022-11-19 10:55:00,,,,,,,,,
657,51,657,70300173,tetep bangga dengan generasi bapack-bapack kreatifitas yang dulu sekarang sangat diperlukan dalam tumbuh kembang anak kekreatifitasan yang dulu sekarang bisa jadi cuan. Trus ttg kesehatan mental angkatan bapack-bapack ini mentalnya kuat angkatan milenial kena mental dikit.. duh galaunya minta ampun :D ,2022-11-19 11:24:00,,,,,,,,,
658,51,658,31101119,Melihat podcast ini cerita tentang jenis permainan jaman dulu sewaktu saya kecil.. main gambar itu saya suka sekali... dulu sampai punya kartu gambar nya hampir 1 plastik besar.. suatu kebanggan punya banyak seperti itu. Gambar kartu nya juga dulu isi nya kartun dari serial tv dll. Seneng nonton podcast ini... Ditunggu versi yang Edisi Mamack Mamack klo ada ,2022-11-19 13:05:00,,,,,,,,,
659,51,659,130501923,Bapak - bapak Milenial yang keren...  ,2022-11-21 09:33:00,,,,,,,,,
660,51,660,130702275,Bapack-bapack milenial yang keren,2022-11-22 09:19:00,,,,,,,,,
661,51,661,190600616,Joss,2022-11-23 08:57:00,,,,,,,,,
662,51,662,180600513,Semangat untuk bapak2 milineal,2022-11-23 08:59:00,,,,,,,,,
663,51,663,910500054,MC & Bintang Tamunya millenials bingitzz,2022-11-23 09:24:00,,,,,,,,,
664,51,664,30200223,mantap.,2022-11-23 11:00:00,,,,,,,,,
665,51,665,220901431,Mantap ...,2022-11-23 15:03:00,,,,,,,,,
666,51,666,80800639,matap,2022-11-24 07:52:00,,,,,,,,,
667,51,667,991000070,mantap,2022-11-24 08:10:00,,,,,,,,,
668,50,668,991000070,ok,2022-11-24 08:39:00,,,,,,,,,
669,49,669,991000070,jadi pelajaran,2022-11-24 09:02:00,,,,,,,,,
670,49,670,991000070,jadi pelajaran,2022-11-24 09:02:00,,,,,,,,,
671,51,671,960100018,Ok jga,2022-11-25 08:31:00,,,,,,,,,
672,51,672,150300180,Mantap,2022-11-25 09:45:00,,,,,,,,,
673,51,673,910200023,mantul,2022-11-25 13:14:00,,,,,,,,,
674,51,674,200200095,Bapak - bapak Milenial yang keren...,2022-11-25 13:39:00,,,,,,,,,
675,51,675,111201818,Bapak - bapak Milenial yang keren...,2022-11-25 14:05:00,,,,,,,,,
676,51,676,120200224,Semangat untuk bapak2 milineal,2022-11-25 14:07:00,,,,,,,,,
677,51,677,150600326,Semangat untuk bapak2 milineal,2022-11-25 14:29:00,,,,,,,,,
678,51,678,210500516,keren sekali,2022-11-25 14:32:00,,,,,,,,,
679,51,679,120600956,Mantap,2022-11-25 14:46:00,,,,,,,,,
680,52,680,31101119,Memang luar biasa  setiap episode PODTRET selalu memberikan inspirasi. Kali ini bisa mengkolaborasi antara Generasi X dan Y,2022-11-25 14:59:00,,,,,,,,,
681,52,681,10100026,intinya semua generasi itu baik tidak ada yang jelek yang perlu kita lakukan bagaiman cara berkolaborasi antara generai X dan Generasi Y agar bisa lebih sempurna dan untuk mencapai tujuan yang sama.,2022-11-25 16:10:00,,,,,,,,,
682,51,682,131203021,Keren,2022-11-26 09:02:00,,,,,,,,,
683,52,683,90500327,terima kasih inspirasinya....,2022-11-26 11:43:00,,,,,,,,,
684,51,684,90500327,weh.....benar bangat....crita nya kyk itu ......jd senyum sendiri,2022-11-26 12:08:00,,,,,,,,,
685,51,685,130300922,salam2 nya jaman SMP pake DuDu ,2022-11-26 12:22:00,,,,,,,,,
686,51,686,60600434,TOP bangett bapack bapack milenialllll,2022-11-26 12:39:00,,,,,,,,,
687,52,687,130702275,selalu menginspirasi..terimakasih..,2022-11-26 13:05:00,,,,,,,,,
688,51,688,130300716,berasa tua dengar cerita ini,2022-11-26 13:07:00,, :D,,,,,,,
689,52,689,60600434,terimakasih sudah share atas pengetahuan serta inspirasi nya ya pak..,2022-11-26 13:14:00,,,,,,,,,
690,52,690,130300716,Generasi X  +  Generasi Y  = Sempurna,,,,,,,2022-11-26 13:55:00,,,
691,52,691,220600944,Sangat bermanfaat dan menginspirasi,2022-11-26 14:27:00,,,,,,,,,
692,52,692,140600635,makasih bermanfaat,2022-11-26 15:01:00,,,,,,,,,
693,52,693,960100018,Mantap...okey jga tuch,2022-11-26 16:17:00,,,,,,,,,
694,42,694,141101100,kurang serem ,2022-11-28 14:45:00,,,,,,,,,
695,52,695,130300707,Salam dari Milenial,2022-12-01 09:58:00,,,,,,,,,
696,52,696,940800084,Mantul = mantap betuul,2022-12-01 10:49:00,,,,,,,,,
697,1,697,NK9973,Keren banget,2022-12-01 11:09:00,,,,,,,,,
698,52,698,150300180,selalu menginspirasi..terimakasih..,2022-12-02 14:44:00,,,,,,,,,
699,1,699,170300124,tes,2022-12-02 18:17:00,,,,,,,,,
700,51,700,130601981,ingat pernah dapat surat yg dipakein parfum. wkkkkkkkkkk,,,,,,,,,,
,12/3/2022 8:19,,,,,,,,,,,,,
701,53,701,220300402,Asik obrolan ibuk ibuk nya,2022-12-03 09:10:00,,,,,,,,,
702,52,702,130300705,mantap,2022-12-03 09:11:00,,,,,,,,,
703,53,703,11100917,keren,,,,,,,,,,
,12/3/2022 11:18,,,,,,,,,,,,,
704,53,704,31101119,Akhirnya muncul juga edisi Ibuck Ibuck nya..... ,2022-12-03 11:34:00,,,,,,,,,
705,53,705,31101119,Akhirnya muncul juga edisi Ibuck Ibuck nya..... ,2022-12-03 11:34:00,,,,,,,,,
706,52,706,960100018,Hmmm....,2022-12-03 20:52:00,,,,,,,,,
707,53,707,130702275,edisi ibuck ibuck mantap..keren,2022-12-05 09:07:00,,,,,,,,,
708,53,708,90500327,ia beda zaman beda perlakuan....,2022-12-05 09:14:00,,,,,,,,,
709,52,709,80800639,milenial dong...,2022-12-05 13:29:00,,,,,,,,,
710,52,710,991000070,suka edisi ini,2022-12-05 13:47:00,,,,,,,,,
711,53,711,80800639,mantap,2022-12-05 14:02:00,,,,,,,,,
712,53,712,991000070,mantap,2022-12-05 14:11:00,,,,,,,,,
713,53,713,20601246,ini mamack mamack kece,2022-12-06 13:22:00,,,,,,,,,
714,52,714,20601246,wkwkwk anak milenial ternyata kocak kocok juga,2022-12-06 14:00:00,,,,,,,,,
715,53,715,221001640,mantap.,2022-12-07 04:48:00,,,,,,,,,
716,53,716,200400400,mantap,2022-12-07 10:42:00,,,,,,,,,
717,53,717,30300324,Mantap,2022-12-08 08:50:00,,,,,,,,,
718,53,718,131203021,Keren,2022-12-10 10:13:00,,,,,,,,,
719,54,719,31101119,Yang paling saya suka klo nonton piala dunia ini yaa...liat wajah-wajah pemain nya... Ganteng keren kinclong heee,2022-12-10 12:15:00,,,,,,,,,
720,54,720,30400496,kapan ya indonesia kesana,2022-12-10 14:56:00,,?,,,,,,,
721,54,721,30400496,siap melangkah mengikuti team ASIA lainnya tp PSSInya,2022-12-10 15:10:00,,,,gmana,,,?,,
722,54,722,130702275,keren,2022-12-12 08:25:00,,,,,,,,,
723,54,723,60600434,strategi & permainan nya ok bangett di lapangan hijau..di tambah face yang ok2 bangettt..jadi melek mata nonton di tiap pertandingan nya..semangattttt Argentinaaa jossss,2022-12-12 09:59:00,,,,,,,,,
724,54,724,90500327,jdkepengen kesana ....,2022-12-12 10:42:00,,,,,,,,,
725,54,725,20601246,HIdup Indonesiaaaa,2022-12-13 10:41:00,,,,,,,,,
726,48,726,30100133,ilmu semua ini,,,,,,,,,,
mantap,12/13/2022 15:45,,,,,,,,,,,,,
727,58,727,130401300,ketawanya harus ya begituu. wkwkkwkw menyeramkan banget. bagus nya nonton malam jumat,2022-12-14 08:20:00,,,,,,,,,
728,58,728,130401300,ketawanya harus ya begituu. wkwkkwkw menyeramkan banget. bagus nya nonton malam jumat,2022-12-14 08:20:00,,,,,,,,,
729,58,729,31101119,Saya nontonnya siang siang aja.... takut klo malam hari... bikin merinding. hiiiiiiii,2022-12-14 10:04:00,,,,,,,,,
730,58,730,90500327,serammm mknya jgn pulang malam cuy,2022-12-14 13:35:00,,,,,,,,,
731,58,731,130702275,takuutttt...seraamm,2022-12-15 07:46:00,,,,,,,,,
732,58,732,131002635,Seruuuuu klo ada langsung narasumbernyaaa  biarrr tambah seperti nyataaaa Mantaaapp sukses terusss,,,,,,,,,,
,12/15/2022 9:55,,,,,,,,,,,,,
733,58,733,30400496,kok masih ada ya takuuutt ahhh,2022-12-16 15:41:00,,,,,,,,,
734,58,734,220300478,Luar biasa,2022-12-23 12:13:00,,,,,,,,,
735,59,735,31101119,Awalnya saya nge jagoin Portugal..... Ternyata yang menang Argentina.. Setelah penantian 36 tahun dari  tahun 1986 yang lalu mereka menjadi Juara Piala Dunia.  Congratulation to Argentina,2022-12-26 11:08:00,,,,,,,,,
736,59,736,130702275,selamat argentina,2022-12-26 13:51:00,,,,,,,,,
737,59,737,991000070,selamat argentina,2022-12-27 08:05:00,,,,,,,,,
738,59,738,80800639,selamat argentina,2022-12-27 08:22:00,,,,,,,,,
739,59,739,90500327,selamat  argentina mmg sip,2022-12-28 14:49:00,,,,,,,,,
740,59,740,90500327,selamat  argentina mmg sip,2022-12-28 14:49:00,,,,,,,,,
741,59,741,90500327,selamat  argentina mmg sip,2022-12-28 14:49:00,,,,,,,,,
742,60,742,51000389,keren,,,,,,,,,,
,12/30/2022 14:50,,,,,,,,,,,,,
743,60,743,31101119,makasih Podtret...semakin keren. Mantap,,,,,,,,,,
,1/2/2023 10:07,,,,,,,,,,,,,
744,60,744,130702275,keereen,2023-01-02 11:32:00,,,,,,,,,
745,60,745,60600434,merry christmas & happy new year 2023...semoga di thn baru ne kita semua dapat mencapai resolusi yg kita harapkan..Amiinnn,2023-01-02 11:42:00,,,,,,,,,
746,60,746,20601246,abet dan abit...cie cie cie,2023-01-02 13:34:00,,,,,,,,,
747,61,747,20601144,Tidak kelihatan wajahnya.. masketnya buka dong  genks,2023-01-06 10:31:00,,,,,,,,,
748,61,748,31101119,makasih Tim Podtret atas semua informasi pembelajaran ilmu motivasi yang telah diberikan. Semakin sukses buat PODTRET... ditunggu episode terbaru di awal tahun 2023,2023-01-06 13:23:00,,,,,,,,,
749,60,749,131203021,Kereeeeeennnnnnn,2023-01-12 11:27:00,,,,,,,,,
750,62,750,160200082,Sereeeeeeeem Abisss.....,2023-01-13 15:31:00,,,,,,,,,
751,1,751,170300124, test,2023-01-13 16:05:00,,,,,,,,,
752,1,751,170300124, SE,2023-01-13 16:19:00,,,,,,,,,
753,62,750,170300124, Serem abis,2023-01-13 16:20:00,,,,,,,,,
754,1,751,170300124,test,2023-01-13 16:24:00,,,,,,,,,
755,62,755,130702189,Aihhhh takuuttttt,2023-01-13 16:38:00,,,,,,,,,
756,1,751,170300124, test,2023-01-13 17:24:00,,,,,,,,,
757,1,751,170300124, test,2023-01-13 17:31:00,,,,,,,,,
758,1,699,170300124, test,2023-01-13 17:36:00,,,,,,,,,
759,1,751,170300124, test,2023-01-13 17:37:00,,,,,,,,,
760,1,699,170300124, test,2023-01-13 17:44:00,,,,,,,,,
761,1,20,170300124, test,2023-01-13 17:45:00,,,,,,,,,
762,1,751,170300124, test,2023-01-13 17:50:00,,,,,,,,,
763,1,751,170300124, test,2023-01-13 17:50:00,,,,,,,,,
764,62,764,30400496,Hiiiii seremmm,2023-01-13 18:46:00,,,,,,,,,
765,60,746,160900435,Hmmmmmmmm,2023-01-13 20:08:00,,,,,,,,,
766,62,766,130702275,sereemmmm...takuutttt,2023-01-16 11:30:00,,,,,,,,,
767,62,766,admin.myplanet,Ada pengalaman misteri ga kak  ayo kirim ke training.enseval.pm@gmail.com,2023-01-16 16:42:00,,,,,,,,,
768,62,755,admin.myplanet,Uuuuuh sereeeem Ada pengalaman misteri ga kak  ayo kirim ke training.enseval.pm@gmail.com,2023-01-16 16:43:00,,,,,,,,,
769,62,764,admin.myplanet,Ada cerita yang lebih serem ga kak? ayo kirim ke training.enseval.pm@gmail.com,2023-01-16 16:43:00,,,,,,,,,
770,61,747,admin.myplanet,Maluuuu Pak Toto....,2023-01-16 17:09:00,,,,,,,,,
771,61,748,admin.myplanet,Sama sama Kak Isnaaa semoga kami bisa selalu memberikan yang terbaik,2023-01-16 17:10:00,,,,,,,,,
772,61,772,131203021,Mantap,2023-01-18 09:03:00,,,,,,,,,
773,62,773,31101119,sambil merinding dengar nya.... ,2023-01-18 09:50:00,,,,,,,,,
774,60,774,991000070,Kereenn,2023-01-19 07:55:00,,,,,,,,,
775,60,775,991000070,Kereenn,2023-01-19 07:56:00,,,,,,,,,
776,60,776,80800639,mantap,2023-01-19 08:46:00,,,,,,,,,
777,61,777,991000070,mantap,2023-01-19 09:33:00,,,,,,,,,
778,62,778,991000070,serem,2023-01-19 09:34:00,,,,,,,,,
779,62,779,80800639,seremmm tapi saya suka ceritanya seru,2023-01-19 09:53:00,,,,,,,,,
780,61,780,90500327,sipp,2023-01-19 11:15:00,,,,,,,,,
781,63,781,160600278,kakak-kakak yg menginspirasi sukses trus CI nya,2023-01-20 15:31:00,,,,,,,,,
782,63,782,31101123,Semoga menjadi motivasi buat rekan-2 InnoChamp yang lain untuk terus berprestasi....rebut kesempatan hadir langsung ke Innofest tahun depan...semangat Inovasi !!,2023-01-20 15:53:00,,,,,,,,,
783,63,783,130401300,semangat buat yang lain.. hayoo biar bisa pada hadir di podtret podacast enseval..,2023-01-20 15:55:00,,,,,,,,,
784,63,784,20601246,senangnya bisa halan halan,2023-01-20 16:27:00,,,,,,,,,
785,63,785,130702275,kakak-kakak yg menginspirasi sukses trus kakak…,2023-01-21 09:39:00,,,,,,,,,
786,63,786,221001640,Semangat  buat  kakanya sukses selalu,2023-01-22 07:37:00,,,,,,,,,
787,61,787,221001640,mantap,2023-01-22 07:42:00,,,,,,,,,
788,62,788,131203021,Sereeeemmmm,2023-01-25 08:50:00,,,,,,,,,
789,63,789,131203021,sukses selalu,2023-01-25 09:15:00,,,,,,,,,
790,63,790,131203021,sukses selalu,2023-01-25 09:15:00,,,,,,,,,
791,63,791,80800639,sukses selalu,2023-01-25 13:57:00,,,,,,,,,
792,63,791,230100040,test,2023-01-25 14:05:00,,,,,,,,,
793,63,793,31101119,Semoga sukses selalu buat teman-teman ,2023-01-25 15:33:00,,,,,,,,,
794,63,794,991000070,sukses ya,2023-01-26 09:14:00,,,,,,,,,
795,64,795,31101119,Keren sekali... turut berbangga dengan prestasi nya.. Alhamdulilah..dulu pernah merasakan menjadi bagian dari ECC menjadi CSO nya. Tim ECC dan SSD.  kalian memang hebat... sukses selalu. Salam utk Teh Santi dan Mba Ai           ^_^,2023-01-28 12:09:00,,,,,,,,,
796,63,796,600096,mamah karin is the best,2023-01-28 12:42:00,,,,,,,,,
797,63,797,20701323,cirebonnn,2023-01-28 12:43:00,,,,,,,,,
798,64,798,130702275,kereenn,2023-01-28 14:41:00,,,,,,,,,
799,64,795,220400713,wahh baru tahu mba isna dulu pernah di ECC :D,2023-01-30 14:02:00,,,,,,,,,
800,64,800,991000070,kerenn,2023-02-01 07:54:00,,,,,,,,,
801,64,801,140200266,mantaoppp,2023-02-03 16:32:00,,,,,,,,,
802,64,802,200900767,Mantapp ,2023-02-03 16:35:00,,,,,,,,,
803,64,803,161100533,Keren,2023-02-03 16:35:00,,,,,,,,,
804,64,804,230100061,Kerenn,2023-02-03 17:07:00,,,,,,,,,
805,65,805,31101119,oo...ternyata begitu asal mula nya Imlek.... dapat tambahan ilmu lagi dari PODTRET.. makasih ,2023-02-06 08:43:00,,,,,,,,,
806,64,806,131203021,Kereeeeen,2023-02-07 10:29:00,,,,,,,,,
807,65,805,160200082,Sama aku juga baru tahu loh ternyata sejarahnya begitu...,2023-02-07 17:11:00,,,,,,,,,
808,65,808,130702275,ooo begitu ternyata sejarahnya..terimakasih ilmunya,2023-02-09 07:42:00,,,,,,,,,
809,65,809,991000070,dapet ilmu baru nih,2023-02-09 11:04:00,,,,,,,,,
810,64,810,80800639,sabar..,2023-02-09 11:32:00,,,,,,,,,
811,64,811,90500327,tahan emosi mantap lah ya,2023-02-09 11:33:00,,,,,,,,,
812,65,812,80800639,oh begitu terima kasih atas ilmunya,2023-02-09 12:21:00,,,,,,,,,
813,65,813,90500327,angpau..,2023-02-09 12:44:00,,,,,,,,,
814,65,814,131203021,Makasih Ilmunya ,2023-02-10 09:33:00,,,,,,,,,
815,66,815,160900436,love love <3 ,2023-02-10 17:14:00,,,,,,,,,
816,66,816,130702275,love love love ,2023-02-11 07:22:00,,,,,,,,,
817,66,817,31101119,Menunggu kado coklat buat tgl 14 Feb besok..  ^_^,2023-02-13 08:26:00,,,,,,,,,
818,67,818,70300173,backsound nya kebanteren kak  suara pencerita jadi kurang kedengaran,2023-02-13 15:35:00,,,,,,,,,
819,67,818,21001661,Enak yg lebih merinding lagi hhh,2023-02-14 05:44:00,,,,,,,,,
820,67,818,160200082,Biar berasa merindingnya kak.... Makasih kak Yusnita masukannya... ,2023-02-14 10:25:00,,,,,,,,,
821,65,821,960100018,Ohhhh....,2023-02-14 12:07:00,,,,,,,,,
822,66,822,991000070,terima kasih coklatnya ,2023-02-15 09:37:00,,,,,,,,,
823,66,823,80800639,cinta..,2023-02-15 09:52:00,,,,,,,,,
824,67,824,80800639,merinding....,2023-02-15 10:34:00,,,,,,,,,
825,67,825,991000070,serem,2023-02-15 10:44:00,,,,,,,,,
826,66,826,90500327,setiap hari  ada cintanya,2023-02-15 15:52:00,,,,,,,,,
827,67,827,31101119,Berasa merinding nya ,2023-02-16 10:59:00,,,,,,,,,
828,66,826,180700653,Bejo,2023-02-16 20:51:00,,,,,,,,,
829,66,826,180700653,Bap2,2023-02-16 21:31:00,,,,,,,,,
830,62,830,30800893,Sering-sering ingat tuhan  jangan lupa setiap langkah atau memulai pekerjaan membaca bismillah,2023-02-20 15:27:00,,,,,,,,,
