1,4,1,70300173,setuju banget.... kekeluargaan di enseval tu terasa banget dan bersyukur bisa kerja di enseval yang dinamis ,2022-4-22 11:28:22
2,3,2,100400349,coba ya...,2022-5-18 16:2:16
3,1,3,170300124,Tes a,2022-5-21 1:28:18
4,2,4,170300124,tes,2022-5-24 1:41:21
5,20,5,990900057,Budaya silaturahmi harus tetap dijaga,2022-5-26 11:4:38
6,24,6,960600073,Good,2022-5-28 8:59:26
7,24,7,220300382,Kereeen,2022-5-28 9:39:44
8,24,8,220300382,Kereeen,2022-5-28 9:39:46
9,24,9,220300382,Kereeen,2022-5-28 9:39:50
10,24,10,31101119,semakin mudah sekarang untuk nonton PODTRET... dimanapun kapanpun... Mantap. ,2022-5-28 10:25:52
11,7,11,101100991,Mantep deh quote nya GSM Kami ini hehe applause untuk Pak Recky Nusaly...,2022-5-28 14:34:47
12,24,12,101100991,nice ..,2022-5-28 14:56:38
13,24,13,211101279,Mantap,2022-5-30 7:21:47
14,24,14,210700723,Nice,2022-5-31 13:51:29
15,25,15,130501892,Enseval maju,2022-5-31 14:42:38
16,25,16,130501892,Enseval era digital,2022-5-31 14:43:7
17,24,17,50100010,mantab podtretterus maju dan berkembang untuk kemajuan SDM dan perusahaan ...Gaskeuunn,2022-5-31 15:40:54
18,24,18,130301093,Mantab,2022-6-1 12:46:3
19,24,19,130301093,Mantab,2022-6-1 12:46:13
20,1,20,170300124,tes b,2022-6-1 15:15:14
21,1,21,170300124,tes c,2022-6-1 15:16:40
22,24,22,180500487,Dengerin podtret sambil kerja  makin enjoyyy,2022-6-2 11:9:35
23,15,23,130602035,interaksi ceritanya seru banget.,2022-6-2 11:58:39
24,24,24,130601956,Niceeee.... <3,2022-6-2 15:46:4
25,24,25,50600237,good,2022-6-3 15:30:4
26,24,26,50600237,good,2022-6-3 15:30:9
27,26,27,80600542,Sip banget ilmunya,2022-6-4 15:16:43
28,26,28,131002614,keep learning :),2022-6-4 15:17:29
29,26,29,80600542,Klo boleh usul di cabang terkadang perlu di adakan kegiatan dimana itu bisa membangun dan menyamakan visi misi perusahaan kepada karyawan.,2022-6-4 15:18:9
30,26,30,80600542,Kegiatan yg menyatukan semua karyawan kembali ke rel visi misi perusahaan,2022-6-4 15:18:49
31,26,31,190900887,Berisi semua pembahasan nya terima kasih banyak ,2022-6-5 12:49:17
32,26,32,101201079,Semoga kualotas pembahasan Bisa menjadi Kualitas Peberapan,2022-6-6 18:32:25
34,1,34,170300124,tes d,2022-6-7 17:32:24
35,27,35,30200223,Mantap ,2022-6-10 17:9:19
36,27,36,31101119,Makasih.. ,2022-6-10 18:31:8
37,27,37,220300402,Oke sekali mantap,2022-6-10 18:36:35
38,27,38,30700794,Sipppp ,2022-6-10 18:40:3
39,27,39,130300737,Luar Biasa,2022-6-10 19:45:9
40,27,40,220600846,Nicee,2022-6-10 22:29:48
41,27,41,130702275,mantap,2022-6-11 7:26:8
42,27,42,180600513,naisee,2022-6-11 7:59:10
43,27,43,90500327,jgn sampai kyk itu......,2022-6-11 8:18:56
44,27,44,130300808,Mantap,2022-6-11 18:33:34
45,27,45,940800084,Mantap,2022-6-13 5:4:2
46,27,46,940800084,Mantap,2022-6-13 5:4:9
47,27,47,80800639,NICE,2022-6-13 8:11:12
48,27,48,20400803,Top markotop,2022-6-13 8:17:57
49,27,49,991000070,NICE,2022-6-13 8:30:56
50,27,50,120600956,Informasi yang bagus untuk wawasan,2022-6-13 8:40:39
51,27,51,960100018,NICE,2022-6-13 8:44:14
52,20,52,101100992,Wuenaaak kirimin pak Oki biar bisa ngerasain jga :),2022-6-13 9:54:50
53,15,53,101100992,Seru nih ,2022-6-13 10:6:40
55,27,55,160200082,Info yang menarik dan perlu menjadi perhatian kita semua...,2022-6-13 10:55:40
56,1,34,admin.myplanet,tes reply,2022-6-13 11:6:9
57,27,57,20601173,Mantap,2022-6-13 11:8:34
58,27,58,20601173,Mantap,2022-6-13 11:8:36
59,27,59,20601173,Mantap,2022-6-13 11:8:40
60,27,60,20601173,Mantap,2022-6-13 11:8:52
61,1,21,admin.myplanet,tes reply c,2022-6-13 11:38:18
62,1,20,admin.myplanet,tes reply b,2022-6-13 11:39:37
63,1,3,admin.myplanet,tes reply a,2022-6-13 11:40:21
64,20,52,admin.myplanet,Terima kasih... Pak Oki jangan lupa kami juga di kirimin ya... hehehe,2022-6-13 11:45:19
65,20,5,admin.myplanet,Terima kasih.. Setuju Pak Budaya yang harus di jaga dan dirawat.,2022-6-13 11:46:15
66,27,35,admin.myplanet,Terima Kasih... Jangan lupa saksikan episode berikutnya ya...,2022-6-13 11:47:10
67,27,36,admin.myplanet,Terima Kasih... Jangan lupa saksikan episode berikutnya ya...,2022-6-13 11:47:41
68,27,37,admin.myplanet,Terima Kasih... Jangan lupa saksikan episode berikutnya ya...,2022-6-13 11:47:52
69,27,38,admin.myplanet,Terima Kasih... Jangan lupa saksikan episode berikutnya ya...,2022-6-13 11:48:4
70,27,60,admin.myplanet,Terima Kasih... Jangan lupa saksikan episode berikutnya ya...,2022-6-13 11:48:10
71,27,59,admin.myplanet,Terima Kasih... Jangan lupa saksikan episode berikutnya ya...,2022-6-13 11:48:17
72,27,58,admin.myplanet,Terima Kasih... Jangan lupa saksikan episode berikutnya ya...,2022-6-13 11:48:26
73,27,57,admin.myplanet,Terima Kasih... Jangan lupa saksikan episode berikutnya ya...,2022-6-13 11:48:33
74,27,55,admin.myplanet,Terima Kasih... Jangan lupa saksikan episode berikutnya ya...,2022-6-13 11:50:7
75,27,51,admin.myplanet,Terima Kasih... Jangan lupa saksikan episode berikutnya ya...,2022-6-13 11:50:19
76,27,50,admin.myplanet,Terima Kasih... Jangan lupa saksikan episode berikutnya ya...,2022-6-13 11:50:29
77,27,49,admin.myplanet,Terima Kasih... Jangan lupa saksikan episode berikutnya ya...,2022-6-13 11:50:40
78,27,48,admin.myplanet,Terima Kasih... Jangan lupa saksikan episode berikutnya ya...,2022-6-13 11:50:49
79,27,46,admin.myplanet,Terima Kasih... Jangan lupa saksikan episode berikutnya ya...,2022-6-13 11:51:1
80,27,44,admin.myplanet,Terima Kasih... Jangan lupa saksikan episode berikutnya ya...,2022-6-13 11:51:14
81,27,39,admin.myplanet,Terima Kasih... Jangan lupa saksikan episode berikutnya ya...,2022-6-13 11:51:28
82,27,40,admin.myplanet,Terima Kasih... Jangan lupa saksikan episode berikutnya ya...,2022-6-13 11:52:31
83,27,47,admin.myplanet,Terima Kasih... Jangan lupa saksikan episode berikutnya ya...,2022-6-13 11:52:45
84,27,45,admin.myplanet,Terima Kasih... Jangan lupa saksikan episode berikutnya ya...,2022-6-13 11:52:59
85,27,85,210100014,cakepppp,2022-6-13 15:48:33
86,27,86,210100014,cakepppp,2022-6-13 15:48:43
87,6,87,20200419,Tks tambahan ilmunya brothers,2022-6-13 16:13:24
88,27,88,21201804,Semoga bermanfaat,2022-6-14 11:23:48
89,27,89,130401318,Amazing,2022-6-14 12:7:48
90,27,90,31001008,Mantap dan membangun,2022-6-14 19:35:4
91,27,91,130401389,Bagus,2022-6-14 21:1:34
92,27,92,130401389,Bagus,2022-6-14 21:29:59
93,28,93,930100003,Seberapa besar tantangan yg ada di hadapan kita harus kita hadapi yg gentle man,2022-6-17 20:25:40
94,27,94,31001008,Mantap dan membangun,2022-6-17 22:19:48
95,27,95,31001008,Mantap dan membangun,2022-6-17 22:19:50
96,27,96,31001008,Mantap dan membangun,2022-6-17 22:19:51
97,28,97,30200223,Mantap  harus belajar berani meng hadapi tantangan ,2022-6-18 18:46:7
98,28,98,130902527,jadi keinget lagi pengalaman mistis sendiri & itu gak akan pernah lupa sepertinya ,2022-6-20 11:51:13
99,20,99,20300572,Setuju Pak OkiKeluarga Adalah SegalanyaBagi kita Perantau#Jauh dimato dakek Di Hati.,2022-6-20 12:55:25
114,2,4,170300124,tes rep,2022-6-20 19:7:2
115,28,115,31101119,Ikut merinding dengar nya.... Harus berani,2022-6-21 7:59:55
116,28,116,161100525,Serem juga yaa,2022-6-21 12:23:49
117,28,117,20601246,yang pakai baju merah seremmmm,2022-6-21 14:4:51
118,28,98,admin.myplanet,Wah boleh nih mba dikirim ceritanya ke email training.enseval.pm@gmail.com. Nanti ceritanya berkesempatan untuk dibacakan juga loh di Episode KUMIS selanjutnya. Kami tunggu ya kak :),2022-6-21 15:41:9
119,28,119,140100027,Serem ceritanya tapi gak ada post test nya ya..ha..ha..(bercanda),2022-6-21 18:32:7
120,28,120,130300693,kirain ada post testnya  hemmmmmmmm,2022-6-22 12:22:30
121,28,121,130702275,harus belajar berani....,2022-6-22 15:36:3
122,28,122,130300692,Apapun yang terjadi kita maju terus pantang mundur.. meskipun ada halang ataupun rintangan di depan kita..mantaps.,2022-6-23 14:4:39
123,28,123,160900435,teruntuk @U.DHIAH SAVITRI serem serem tapi imut kan kak????,2022-6-24 10:56:14
124,29,124,190500493,Bagus,2022-6-25 18:48:7
125,29,125,190500493,Bagus,2022-6-25 18:48:7
126,29,126,130902439,Next tampilin mba Mitha legal dong sama mas Arta seru deh kayaknya. cari topik yang energik biar kerja masik asik. ,2022-6-27 10:9:1
127,29,127,31101119,Keren informasinya,2022-6-27 14:22:41
128,28,128,90500327,Berani ....harus itu,2022-6-27 14:30:46
129,29,129,90500327,bagus  infonya,2022-6-27 15:7:57
130,29,130,130702275,mantap,2022-6-28 9:39:50
131,29,131,130100131,Bagus,2022-7-1 13:48:12
132,30,132,31101119,terima kasih ilmu Financial Planning nya..... ,2022-7-2 8:43:26
133,30,133,130902527,memang segala sesuatu harus ada planning terutama financial planning,2022-7-4 10:8:12
134,29,134,130401300,keren informasinya,2022-7-4 10:56:13
135,30,135,111201826,Thanks informasi ilmu Planning nya..,2022-7-4 11:19:10
136,28,136,130401300,serem jugaa ya ceritanya,2022-7-4 11:33:54
137,30,137,130300745,alhamdulillah...ilmu nya bermanfaat,2022-7-4 12:22:36
138,26,138,130401300,terima kasih banyak.. sangat bermanfaat,2022-7-4 13:6:32
139,30,139,150300140,syukur alhamdulillah... saya sudah menikah.,2022-7-4 13:41:9
140,30,140,130300719,terima kasih ilmunya utk tim HRD,2022-7-5 12:47:31
141,31,141,220300402,Mantap kedepannya undang artis Min.,2022-7-8 14:14:14
142,31,142,130702275,mantap,2022-7-8 14:37:38
143,31,143,220300574,Mantap min lanjutken,2022-7-8 14:39:17
144,31,144,30600653,Mantap nambah ilmu,2022-7-10 13:37:26
145,31,145,140300413,Mantap,2022-7-13 6:56:51
146,32,146,10400554,Luar biasa,2022-7-14 6:37:31
147,31,147,900150,mantap,2022-7-15 8:54:12
148,31,148,900150,Mantap,2022-7-15 8:54:53
149,31,149,31101119,Makasih ilmunya.... semoga kita semua dijauhkan dari Toxic Employee,2022-7-15 12:58:23
150,32,150,31101119,Berani untuk bermimpi.... semoga tercapai semua mimpi2... aamiin,2022-7-15 13:21:21
151,31,151,120200213,Ilmu yang bermanfaat ,2022-7-15 16:47:3
152,32,152,120200213,Berani untuk bermimpi.... semoga tercapai semua mimpi2... aamiin,2022-7-15 16:51:54
153,32,153,130702275,luar biasa,2022-7-16 8:44:40
154,32,154,140600664, Berani untuk bermimpi...,2022-7-18 22:33:35
155,32,155,140600664, Berani untuk bermimpi...,2022-7-18 22:33:37
156,32,156,140600664, Berani untuk bermimpi...,2022-7-18 22:33:40
157,32,157,140600664, Berani untuk bermimpi...,2022-7-18 22:33:41
158,32,158,140600664, Berani untuk bermimpi...,2022-7-18 22:34:17
159,32,159,140600664, Berani untuk bermimpi...,2022-7-18 22:34:50
160,32,160,160100025,Dare to Dream,2022-7-19 9:52:11
161,30,161,130401300,semua harus terencana yaa,2022-7-21 8:16:41
162,33,162,180100115,Seru ceritanya.,2022-7-22 16:54:1
163,33,163,70700393,belii keripik dulu akhh sambil Nonton Podcast Hororrrr....,2022-7-22 18:16:2
164,33,164,31101119,makin seru KUMIS nya... keren ,2022-7-23 8:0:44
165,33,165,111101607,seru,2022-7-23 9:5:32
166,24,166,100200135,Good...,2022-7-23 17:5:6
167,33,167,20400923,Kamsahamnida.....OPPA  Akbar .. Mataram Cashier....uda say helloouww....,2022-7-25 14:5:48
168,33,168,20400923,Kamsahamnida.....OPPA  Akbar .. Mataram Cashier....uda say helloouww....,2022-7-25 14:5:52
169,33,169,20400923,Kamsahamnida.....OPPA  Akbar .. Mataram Cashier....uda say helloouww....,2022-7-25 14:6:6
170,33,170,200100085,Kulik Misteri keren,2022-7-26 8:48:24
171,33,171,80200202,Mantap,2022-7-26 18:0:43
172,32,172,960100018,Berani untuk bermimpi....,2022-7-29 11:50:36
173,32,173,960100018,Berani untuk bermimpi....,2022-7-29 11:50:40
174,32,174,960100018,Berani untuk bermimpi....,2022-7-29 11:50:49
175,32,175,960100018,Berani untuk bermimpi....,2022-7-29 11:51:0
176,33,176,20400907,menarik,2022-7-29 12:20:21
177,33,177,130401620,Menarik,2022-8-1 9:16:28
178,33,178,130401620,Menarik,2022-8-1 9:16:31
179,33,179,130401620,Menarik,2022-8-1 9:16:34
180,33,180,130401620,Menarik,2022-8-1 9:16:37
181,33,181,130401620,Menarik,2022-8-1 9:16:38
182,33,182,130401620,Menarik,2022-8-1 9:16:43
183,33,183,130401620,Menarik,2022-8-1 9:16:48
184,32,184,130401620,Berai utuk mmimpi yang pasti ,2022-8-1 9:17:39
185,32,185,130401620,Berai utuk mmimpi yang pasti ,2022-8-1 9:17:47
186,32,186,130401620,Berai utuk mmimpi yang pasti ,2022-8-1 9:18:40
187,32,187,130401620,Berai utuk mmimpi yang pasti ,2022-8-1 9:18:45
188,33,188,130300843,dari menit ke 14.51 -  26.18 wah parah sih  ini serem banget  dimana bumi di pijak disana langit di junjung kerenn asliii ,2022-8-1 11:44:21
189,34,189,980100005,TERIMAKASIH PEMBELAJARAN HARI INI,2022-8-1 15:25:25
190,34,190,210700723,Terimakasih ,2022-8-1 15:26:41
191,34,191,110901084,Oke,2022-8-2 9:2:30
192,33,192,110901084,Iiih serem,2022-8-2 9:3:12
193,32,193,110901084,Good luck,2022-8-2 9:3:59
194,34,194,990900057,Terimakasih atas pembelajaran,2022-8-2 23:14:24
195,33,195,180100029,Serem ya,2022-8-3 9:3:6
196,1,196,30500565,kereeenn,2022-8-3 9:14:30
197,35,197,940800093,Asi memang sangat baik utk bayi yg baru lahir mpai minimal bayi umur 6 bln,2022-8-3 19:29:26
198,35,198,940800093,Asi sangat sangat baik sekali buat bayu,2022-8-3 19:31:46
199,35,199,940800093,Asi sangat sangat baik sekali buat bayu,2022-8-3 19:31:46
200,35,200,940800093,Asi sangat sangat baik sekali buat bayu,2022-8-3 19:31:47
201,35,201,940800093,Asi sangat sangat baik sekali buat bayu,2022-8-3 19:31:47
202,35,202,31101119,Im working mom... Alhamdulilah...senang rasanya bisa mengASIhi utk ke3 anak ku.,2022-8-3 20:8:53
203,35,203,140600681,Asi sangatlah penting buat sang bayi.utk itu asupan gizi yg cukup bagi ibu akan mempengaruhi kualitas ASI.,2022-8-3 21:28:45
204,34,204,140600681,terus belajar.thanks.,2022-8-3 21:52:42
205,35,205,200100085,ASI dengan banyak manfaat.,2022-8-4 6:19:56
206,35,206,80800639,ASI sangat penting ,2022-8-4 9:8:1
207,35,207,991000070,Asi yg paling utama,2022-8-4 9:13:0
208,35,208,191201181,Semangat buat ibu-ibu yang bisa memberikan ASI buat bayinya,2022-8-4 9:13:45
209,35,209,191201181,Semangat buat ibu-ibu yang bisa memberikan ASI buat bayinya,2022-8-4 9:13:52
210,35,210,120600956,ASI membuat bayi lebih kuat daya tahan tubuhnya,2022-8-4 9:20:18
211,35,211,960100018,ASI SANGAT BERGUNA UNTUK PERTUMBUHAN,2022-8-4 9:23:39
212,35,212,31001041,ASI bagian dari rahmat illahi,2022-8-4 9:25:28
213,35,213,130902517,Alhamdulilah... istri saya saat ini sedang hamil.. sebentar lagi akan bisa mengASIhi baby ku,2022-8-4 9:52:8
214,35,214,130501923,Asi sangat besar manfaatnya bagi tumbuh kembang sang bayi ,2022-8-4 10:44:57
215,35,215,210900916,semangat buat para Ibu yang memberikan ASI kepada bayi nya,2022-8-4 14:46:19
216,35,216,220100043,alhamdulillah anak saya hingga sekarang usia 1 tahun masih ASI,2022-8-4 16:45:26
217,35,217,101201096,Alhamdulilah.... anak saya yang kedua masih ASI sama ibunya.,2022-8-5 9:20:58
218,35,218,130702275,ASI sangat penting,2022-8-6 7:32:55
219,24,219,130300896,Good,2022-8-7 13:59:46
220,24,220,130300896,Good,2022-8-7 14:0:1
221,24,221,130300896,Good,2022-8-7 14:1:8
222,24,222,130300896,Good,2022-8-7 14:1:12
223,24,223,130300896,Good,2022-8-7 14:2:14
224,36,224,120200213,Semangat Bunda ku yg dirumah... utk ngasih ASI ke Kayla,2022-8-8 13:59:47
225,36,225,31101119,Lanjutannya. Part 2. Mantap,2022-8-8 14:1:30
226,35,226,220100001,MC nya kocak banget. Makasih ilmunya,2022-8-8 15:17:7
227,36,227,31001008,Asi sehat,2022-8-10 21:56:14
228,24,228,31001008,Good,2022-8-10 22:9:45
229,34,229,31001008,Mantap dan membangun,2022-8-10 22:14:29
230,30,230,31001008,Mantap dan membangun,2022-8-10 22:16:50
231,30,231,31001008,Mantap dan membangun,2022-8-10 22:16:54
232,30,232,31001008,Mantap dan membangun,2022-8-10 22:16:58
233,30,233,31001008,Mantap dan membangun,2022-8-10 22:16:59
234,33,234,31001008,Good,2022-8-10 23:48:12
235,33,235,31001008,Good,2022-8-10 23:48:12
236,33,236,31001008,Good,2022-8-10 23:48:13
237,33,237,31001008,Good,2022-8-10 23:48:14
238,33,238,31001008,Good,2022-8-10 23:48:14
239,33,239,31001008,Good,2022-8-10 23:48:31
240,33,240,31001008,Good,2022-8-10 23:48:32
241,33,241,31001008,Good,2022-8-10 23:48:33
242,33,242,31001008,Good,2022-8-10 23:48:36
243,33,243,31001008,Good,2022-8-10 23:48:36
244,33,244,31001008,Good,2022-8-10 23:48:37
245,33,245,31001008,Good,2022-8-10 23:48:37
246,33,246,31001008,Good,2022-8-10 23:48:37
247,33,247,31001008,Good,2022-8-10 23:48:38
248,33,248,31001008,Good,2022-8-10 23:48:38
249,33,249,31001008,Good,2022-8-10 23:48:39
250,33,250,31001008,Good,2022-8-10 23:48:39
251,33,251,31001008,Good,2022-8-10 23:48:39
252,35,252,190600616,Like,2022-8-11 8:12:30
253,35,253,20100013,kASIh ibu tiada tara,2022-8-11 9:40:31
254,36,254,20100013,Lanjut Part 2 ,2022-8-11 10:37:2
255,35,255,130200267,semangat buat para Ibu yang memberikan ASI kepada bayi nya,2022-8-11 15:39:41
256,37,256,130501706,Bagus,2022-8-11 17:15:11
257,37,257,10100380,Luar biasa,2022-8-11 18:21:2
258,37,258,10100380,Luar biasa,2022-8-11 18:21:7
259,37,259,10100380,Luar biasa,2022-8-11 18:21:9
260,37,260,10100380,Luar biasa,2022-8-11 18:21:10
261,13,261,20300667,Bagus,2022-8-11 20:19:34
262,13,262,20300667,Bagus,2022-8-11 20:19:37
263,37,263,31101119,Podcast nya kekinian... like banget dengan ketiga host nya. keren,2022-8-12 8:35:4
264,37,264,80800639,mantap,2022-8-12 8:39:33
265,37,265,180100029,Good,2022-8-12 8:58:59
266,37,266,130501923,Wujud kreatifitas dari remaja dalam dunia fashion sih ini..   ,2022-8-12 9:8:50
267,37,267,201000879,kereen,2022-8-12 9:42:42
268,37,268,201000879,nice,2022-8-12 9:44:25
269,37,269,200400437,mantap,2022-8-12 9:53:40
270,37,270,130702275,mantap,2022-8-12 13:39:37
271,37,271,111001457,Wihh....luar biasa,2022-8-12 16:25:2
272,37,272,130300922,permisiiim moon maap ribet bgt ya headphone pake dileher ama kepala bapack2,2022-8-13 8:48:28
273,37,273,30800893,good mantap ,2022-8-13 9:15:44
274,37,274,21201804,Alhamdulillah dapet ilmu baru lagimantap,2022-8-13 9:59:51
275,37,275,130501746,Mantab dapet ilmu baru,2022-8-13 10:28:10
276,36,276,220200214,Lanjutan part 2,2022-8-13 14:27:35
277,37,277,920700069,Keren habis..... ,2022-8-15 11:57:14
278,37,278,110901003,seru nih...,2022-8-16 9:21:36
279,37,279,100300218,Fenome aktualisasi diri cenah,2022-8-16 18:5:7
280,37,280,130401605,alus pisan,2022-8-18 13:46:57
281,36,281,130401300,sangat bantu ini untuk yang habis melahirkan,2022-8-19 14:47:0
282,38,282,30400496,keberagaman wajib kita wujudkan dan menjaganya dg semangat kemerdekaan,2022-8-19 18:43:22
283,38,283,30400496,keberagaman wajib kita wujudkan dan menjaganya dg semangat kemerdekaan,2022-8-19 18:43:25
284,38,284,30400496,keberagaman wajib kita wujudkan dan menjaganya dg semangat kemerdekaan,2022-8-19 18:43:30
285,38,285,30400496,keberagaman wajib kita wujudkan dan menjaganya dg semangat kemerdekaan,2022-8-19 18:43:32
286,38,286,30400496,keberagaman wajib kita wujudkan dan menjaganya dg semangat kemerdekaan,2022-8-19 18:43:32
287,38,287,30200223,bagus banget apa lagi dlm lingkungan kerja kita sebagai insan enseval masih bisa menjunjung apa yang namanya adab .... mantullll ,2022-8-19 19:9:20
288,38,288,31101119,Semangat kebersamaan... Merdeka,2022-8-20 7:13:43
289,38,289,130300689,Merdeka,2022-8-20 8:4:3
290,38,290,130401300,Sekali merdeka tetap merdeka...,2022-8-20 8:13:22
291,38,291,201000879,makasih ,2022-8-20 8:17:9
292,38,292,960600073,Merdekaaaaa!,2022-8-20 8:28:37
293,38,293,130300843,merdekaaaa,2022-8-20 8:42:53
294,38,294,110700641,merdeka,2022-8-20 9:1:29
295,38,295,10800777,Wuih... Guwes setar nya josss... ,2022-8-20 10:47:37
296,38,296,130601998,Merdeka TOP lah pokok nya..,2022-8-20 10:53:49
297,38,297,970600055,Merdeka,2022-8-20 10:57:1
298,38,298,110300270,Mantul Pak Bachtiar dan Pak Haryanto ....Merdeka..,2022-8-20 10:59:40
299,38,299,30300329,Cekrek! Cekrek! Cekrek! Merdeka !!!,2022-8-20 11:0:13
300,38,300,10100396,Sekali Merdeka Tetap Merdeka.....,2022-8-20 11:2:43
301,38,301,10100396,Sekali Merdeka Tetap Merdeka.....,2022-8-20 11:2:48
302,38,302,110300227,Sikok Bagi Duo...... MERDEKA!!!!,2022-8-20 11:3:29
303,38,303,20200430,Mantap Pak Haryanto dan Pak Bachtiar Merdekaaa...,2022-8-20 11:4:7
304,38,304,10600683,Harga mati Pak Har dan Pak Bachtiar...Merdeka,2022-8-20 11:4:12
305,38,305,10600683,Harga mati Pak Har dan Pak Bachtiar...Merdeka,2022-8-20 11:4:16
306,38,306,170200089,PAK HAR SLEBEWWWW...  <3,2022-8-20 11:11:52
307,38,307,130300670,Merdeka!!!,2022-8-20 11:12:27
308,38,308,30600713,keren banget...,2022-8-20 11:13:23
309,38,309,181101025,mantul... semangat merdeka,2022-8-20 11:15:39
310,38,310,30100113,keren dan merdeka....,2022-8-20 11:22:55
311,38,311,91000702,Nasionalisme sangat penting terhadap kehidupan berbangsa dan bernegara karena merupakan wujud kecintaan dan kehormatan terhadap bangsa. Luar biasa pak Haryanto,2022-8-20 11:23:0
312,38,312,91000702,Nasionalisme sangat penting terhadap kehidupan berbangsa dan bernegara karena merupakan wujud kecintaan dan kehormatan terhadap bangsa. Luar biasa pak Haryanto,2022-8-20 11:23:20
313,38,313,121101821,keren ,2022-8-20 11:33:12
314,38,314,120600963,Merdeka pak har dan pak bachtiar ,2022-8-20 11:41:51
315,38,315,210100078,Keren Pak Har & Pak Bachtiar..... Merdeka,2022-8-20 11:58:20
316,38,316,20100062,Mantap pak Har pak Bachtiar & pak Gom. Merdeka... ,2022-8-20 12:12:32
317,38,317,10100179,Mantabbb..Pak Haryanto Pak Bachtiar dan Pak Gomarus Merdekaaa,2022-8-20 12:19:19
318,38,318,10100298,wujud kecintaan kita terhadap Bangsa dan Negara adalah rasa Nasionalisme serta Patriotisme sebagai warga negara yg baik Merdeka pak Har dan pak Bachtiar...keren..,2022-8-20 12:32:58
319,38,319,20400907,Keren,2022-8-20 12:36:31
320,38,320,971000103,mantapppppp ,2022-8-20 12:37:45
321,38,321,960500063,Mantul............,2022-8-20 12:55:17
322,38,322,910800079,Luar biasa.. Jossgandos,2022-8-20 13:22:23
323,38,323,220300384,Berasa semangat... MERDEKA,2022-8-20 13:55:29
324,38,324,31001041,mantap MC dan para narasumber nya,2022-8-20 14:6:54
325,38,325,191201181,MERDEKA,2022-8-20 14:27:27
326,38,326,191201181,MERDEKA,2022-8-20 14:27:42
327,38,327,130200365,pak bachtiar ditanyain mie ayam ponyo pakk ,2022-8-20 16:26:54
328,38,328,930200023,Merdeka ,2022-8-20 16:35:15
329,38,329,40900312,Merdeka,2022-8-20 17:41:38
330,1,330,130401325,mantap ,2022-8-21 4:46:25
331,38,331,20400907,keren,2022-8-22 7:55:54
332,37,332,130501844,Mantapp kreatifitas tanpa batas,2022-8-22 8:22:23
333,38,333,130300718,Luar Biasa,2022-8-22 9:55:54
334,38,334,200100085,Semangat Kemerdekaan,2022-8-22 11:18:1
335,38,335,60500341,#KalauMauPastiBisa,2022-8-22 14:18:47
336,29,336,130301102,Bagus ,2022-8-22 14:30:18
337,38,337,200400437,mantap,2022-8-24 7:33:37
338,38,338,220300363,MERDEKA,2022-8-24 9:12:18
339,38,339,130300728,merdeka,2022-8-24 12:16:46
340,38,340,130300728,merdeka,2022-8-24 12:16:51
341,38,341,90200124,Semangat Kemerdekaan,2022-8-24 14:39:59
342,1,342,10300457,Ok bangettt,2022-8-25 12:1:32
343,1,343,30700743,Baguus,2022-8-25 13:34:17
344,38,344,300046,Merdekaaa,2022-8-25 14:14:21
345,38,345,150300140,PODTRET keren,2022-8-26 7:12:17
346,38,346,80800639,merdeka,2022-8-26 8:27:53
347,38,347,80800639,merdeka,2022-8-26 8:28:2
348,38,348,80800639,merdeka,2022-8-26 8:28:4
349,38,349,80800639,merdeka,2022-8-26 8:28:17
350,38,350,80800639,merdeka,2022-8-26 8:28:28
351,38,351,80800639,merdeka,2022-8-26 8:28:29
352,38,352,80800639,merdeka,2022-8-26 8:28:29
353,38,353,80800639,merdeka,2022-8-26 8:28:30
354,38,354,80800639,merdeka,2022-8-26 8:28:31
355,38,355,80800639,merdeka,2022-8-26 8:28:32
356,38,356,80800639,merdeka,2022-8-26 8:28:36
357,38,357,80800639,merdeka,2022-8-26 8:28:39
358,38,358,991000070,semangatmerdeka,2022-8-26 8:34:44
359,38,359,220701177,merdeka,2022-8-26 10:31:15
360,38,360,130501923, Indonesia adalah negara kaya raya. Merdeka....,2022-8-26 10:43:45
361,37,361,130200267,Keren,2022-8-26 14:39:44
362,38,362,130300878,merdeka,2022-8-26 14:56:16
363,1,363,130300868,Bagusssss,2022-8-26 15:23:5
364,38,364,130200274,Merdeka,2022-8-26 19:42:52
365,31,365,130200274,Thanks for sharing,2022-8-26 19:48:19
366,39,366,30300304,Mantap dan mendidik.,2022-8-26 21:0:38
367,39,367,130301139,Mendidik,2022-8-26 21:10:16
368,39,368,120600956,Mantap,2022-8-27 9:24:45
369,39,369,220300476,Menarik,2022-8-27 9:46:33
370,39,370,191201181,Makasih ilmunya,2022-8-27 10:30:21
371,39,371,31101119,Salam kenal Mba Mitha Legal.... ,2022-8-27 12:6:51
372,39,372,30200223,mantulllllllll,2022-8-27 13:57:46
373,39,373,201000879,Bagus,2022-8-27 14:5:8
374,39,374,51100441,Cantik Narasumber nya ,2022-8-27 14:35:18
375,37,375,120200213,Kreatif,2022-8-27 14:37:6
376,39,376,130802312,Bermanfaat banget sharing knowledge nya ,2022-8-28 6:17:34
377,39,377,130702275,mantap,2022-8-29 9:22:12
378,39,378,90500327,Bagus.......,2022-8-29 9:24:28
379,39,379,130300878,mantap,2022-8-29 9:24:56
380,39,380,10100182,OK penjelasannya,2022-8-29 9:56:44
381,37,381,51100441,keren sekali,2022-8-29 10:22:5
382,38,382,90500327,MERDEKA DONG,2022-8-29 10:24:52
383,39,383,130902517,alhamdulilah... jadi kenal dengan orang-orang dari pusat,2022-8-29 10:43:51
384,37,384,90500327,kerennnn,2022-8-29 10:46:37
385,39,385,980100005,Mantab..salam sehat buat kita semua,2022-8-29 11:38:8
386,39,386,130401300,keren informasinya,2022-8-29 11:51:31
387,39,387,200400437,bagus sekali,2022-8-29 14:12:32
388,39,388,940100006,Keren bingits,2022-8-29 14:27:39
389,39,389,220300384,wow keren,2022-8-29 14:30:30
390,37,390,160100025,PODTRET nya keren... informasinya up to date,2022-8-29 14:59:34
391,38,391,160100025,Semangat Merdeka,2022-8-29 15:22:47
392,39,392,130300916,Bagus,2022-8-30 8:21:10
393,39,393,130300916,Bagus,2022-8-30 8:21:20
394,39,394,160100025,akhirnya jadi bisa kenal.. makasih,2022-8-30 8:46:41
395,39,395,130902439,Halo mba Mitha yang ditunggu nampil juga. Mba mitha di temuin sama mas Artha cocok nih. Btw di Bengkulu lagi musim durian. Kuy lah ~,2022-8-30 11:33:0
396,38,396,180600513,MERDEKA,2022-8-30 14:41:31
397,39,397,180600513,jadi kenal... semangat,2022-8-30 15:10:26
398,39,398,180800725,luar biasa,2022-8-30 17:10:23
399,39,399,300043,Bagus,2022-8-30 18:46:9
400,1,400,910900098,Planet enseval,2022-8-30 20:55:41
401,39,401,180600513,bagus sekali,2022-8-31 8:53:17
402,37,402,220300402,kekinian,2022-8-31 9:30:42
403,37,403,40900322,Salam semuanya,2022-8-31 9:46:35
404,38,404,220300402,Semangat Kemerdekaan,2022-8-31 9:53:2
405,38,405,131203021,Merdeka,2022-8-31 10:31:37
406,38,406,220300363,Merdekaaaaaaaaa,2022-8-31 10:38:58
407,38,407,40900322,salam dari Banjarmasin,2022-8-31 10:39:32
408,39,408,131203021,Mantap,2022-8-31 10:58:21
409,37,409,200100085,Ilmu yang bermanfaat ,2022-8-31 11:10:25
410,39,410,200400400,Jadi kenal sama orang pusat,2022-8-31 12:31:22
411,39,411,130300693,ok,2022-8-31 12:42:8
412,37,412,991000076,keren semua,2022-8-31 13:26:7
413,39,413,200100085,mantap,2022-9-1 10:51:30
414,32,414,130401556,CAKEP... MOTIVASINYA,2022-9-1 13:27:15
415,40,415,31101119,MC nya keren... kekinian info dan pembahasannya. Mantap. Terima kasih.,2022-9-2 14:42:3
416,40,416,30200203,Kren,2022-9-5 15:38:22
417,40,417,30200203,Kreeen,2022-9-5 15:42:38
418,40,418,30200203,Kreeen,2022-9-5 15:42:39
419,40,419,30200203,Kreeen,2022-9-5 15:43:18
420,40,420,30200203,Bagus,2022-9-5 15:43:40
421,40,421,30200203,Bagus,2022-9-5 15:43:59
422,40,422,30200203,Vagus,2022-9-5 15:44:13
423,40,423,30200203,Bagus,2022-9-5 15:44:33
424,40,424,30200203,Kreen,2022-9-5 15:44:53
425,40,425,30200203,Kreeen,2022-9-5 15:45:4
426,40,426,30200203,Bagus,2022-9-5 15:45:19
427,40,427,30200203,Bagus,2022-9-5 15:45:31
428,40,428,30200203,Bagus,2022-9-5 15:45:44
429,40,429,30200203,Bagus,2022-9-5 15:45:58
430,40,430,30200203,Kreen,2022-9-5 15:46:11
431,40,431,30200203,Bagus,2022-9-5 15:46:25
432,40,432,30200203,Bagus,2022-9-5 15:46:37
433,40,433,30200203,Bagus,2022-9-5 15:46:53
434,40,434,30200203,Bagus,2022-9-5 15:47:10
435,40,435,30200203,Bagus,2022-9-5 15:47:25
436,40,436,30200203,Bagus,2022-9-5 15:47:37
437,40,437,30200203,Bagus,2022-9-5 15:47:50
438,40,438,30200203,Bagus,2022-9-5 15:48:6
439,40,439,30200203,Kreen,2022-9-5 15:48:19
440,40,440,30200203,Bagus,2022-9-5 15:48:39
441,40,441,30200203,Bagus,2022-9-5 15:48:49
442,40,442,30200203,Bagus,2022-9-5 15:49:2
443,40,443,30200203,Bagus,2022-9-5 15:49:12
444,40,444,30200203,Bagus,2022-9-5 15:49:24
445,1,445,30200203,Bagus,2022-9-5 15:49:50
446,1,446,30200203,Bagus,2022-9-5 15:50:5
447,40,447,30400496,dunia ghoib,2022-9-6 8:8:38
448,40,448,30400496,dunia ghoib,2022-9-6 8:8:42
449,40,449,161100540,yamg lagi trend saat ini,2022-9-6 11:29:49
450,40,450,51100441,mantap,2022-9-6 12:55:49
451,40,451,40900322,Magic,2022-9-6 14:4:5
452,1,452,50200054,kereenn,2022-9-7 1:7:11
453,40,453,31001041,Bisa sulap bisa sihir,2022-9-7 12:38:58
454,40,454,150300140,Yang lagi heboh ... keren,2022-9-7 14:12:21
455,40,455,130300745,Update podtret nya,2022-9-7 16:20:41
456,1,456,40100022,Mantap,2022-9-8 6:43:17
457,40,457,200400437,Red Magician,2022-9-8 13:51:10
458,40,458,200400437,Red Magician,2022-9-8 13:51:13
459,40,459,950200010,viral ,2022-9-8 14:15:6
460,40,460,160100025,kekinian,2022-9-8 14:25:55
461,40,461,140600635,keren MC nya,2022-9-9 13:39:39
462,40,462,140600635,keren MC nya,2022-9-9 13:39:42
463,41,463,60300166,Tq buat pelajaran ini.semoga makin waspada dengan penipuan2 yang ada..,2022-9-9 20:22:42
464,41,464,20300572,Thank atas pembelajaran nya.Semoga kita semua terhindar dari segala jenis penipuan.,2022-9-10 8:2:57
465,40,465,120600956,mantap,2022-9-14 12:18:41
466,40,466,200400400,Luar Biasa,2022-9-14 14:5:51
467,40,467,180600513,its magic,2022-9-14 14:38:2
468,42,468,130300922,akhirnya tayang lagi niiih kismiiiisss,2022-9-14 14:38:23
469,42,469,20400907,seru,2022-9-14 17:8:45
470,42,470,20400907,seru,2022-9-14 17:8:49
471,39,471,80800639,oke,2022-9-15 10:28:50
472,40,472,80800639,oke,2022-9-15 10:52:23
473,41,473,31101119,Terima kasih atas info dan pembelajarannya. semoga kita terhindar dari segala macam bentuk penipuan,2022-9-15 11:3:47
474,42,474,130300689,Banyak hal mistis juga ternyata,2022-9-15 11:18:52
475,41,475,80800639,terima kasih infonya,2022-9-15 11:23:38
476,42,476,31101119,Merinding saya jadinya,2022-9-15 11:44:13
477,42,477,960600073,,2022-9-15 12:3:17
478,42,478,130300719,Ngeri...,2022-9-15 12:22:38
479,42,479,90500327,merinding,2022-9-15 12:28:23
480,42,480,80800639,merinding,2022-9-15 12:37:48
481,41,481,90500327,INFO YG BAGUS MAKSIH,2022-9-15 13:47:15
482,39,482,991000070,OKE,2022-9-16 8:46:49
483,42,483,131203021,Ngeri...,2022-9-16 14:10:6
484,41,484,150300180,Terima kasih atas info dan pembelajarannya,2022-9-17 7:53:7
485,41,485,150300140,ketemu pinjol makin benjol...wkwkwkwkw,2022-9-17 9:11:27
486,41,486,220300361,mantap.. thanks atas pembelajaran nya.. smoga terhindar dri semua bentuk pinjol.. aamiin,2022-9-17 9:15:45
487,42,487,220300361,adduuhh takut.. temenin ke wc dong...,2022-9-17 9:17:53
488,41,488,150500247,informasi yang bermanfaat,2022-9-17 11:3:29
489,41,489,130300728,makasih bermanfaat,2022-9-17 13:15:17
490,40,490,960100018,Mantap,2022-9-18 7:59:12
491,41,491,960100018,Makch,2022-9-18 8:4:28
492,42,492,220701177,Mistis,2022-9-19 8:35:42
493,42,493,180200166,Merinding dengar ceritanya,2022-9-19 13:29:52
494,41,494,161200589,sangat bermanfaat,2022-9-20 8:19:25
495,42,495,910500054,menghiburrrrrr,2022-9-20 12:4:21
496,1,496,130401421,Mantap,2022-9-21 17:38:43
497,41,497,120200213,alhamdulillah..bermanfaat sekali infonya,2022-9-22 13:39:30
498,41,498,120200213,alhamdulillah..bermanfaat sekali infonya,2022-9-22 13:39:40
499,41,499,910200023,sangat bermanfaat,2022-9-22 14:13:38
500,42,500,910200023,seru,2022-9-22 14:22:56
501,43,501,31101119,Waaaa....ada nama saya.. Makasih tim podcast,2022-9-23 19:19:24
502,43,502,30200223,happy birthday  epm jaya dan maju terus,2022-9-23 20:32:51
503,43,503,140600681,happy birthday Enseval 49.mkn jaya selalu ammien.,2022-9-24 7:4:34
504,43,504,130601981,Mantap Mbak Isna,2022-9-24 7:17:26
505,43,505,130702275,HBD EPM ke 49..semoga makin jaya selalu..aamiinn,2022-9-24 7:37:25
506,43,506,90500327,IH acil isna disebut namanya,2022-9-24 7:47:38
507,43,507,10600683,Happy B'Day Enseval Andriyanto Putera Megatrading Tbk....rasa meiliki lebih....wkwkwk,2022-9-24 8:11:3
508,43,508,10600683,Happy B'Day Enseval Andriyanto Putera Megatrading Tbk....rasa meiliki lebih....wkwkwk,2022-9-24 8:11:5
509,43,509,10600683,Happy B'Day Enseval Andriyanto Putera Megatrading Tbk....rasa meiliki lebih....wkwkwk,2022-9-24 8:11:7
510,43,510,10600683,Happy B'Day Enseval Andriyanto Putera Megatrading Tbk....rasa meiliki lebih....wkwkwk,2022-9-24 8:11:16
511,43,511,10600683,Happy B'Day Enseval Andriyanto Putera Megatrading Tbk....rasa meiliki lebih....wkwkwk,2022-9-24 8:11:39
512,43,512,10600683,Happy B'Day Enseval Andriyanto Putera Megatrading Tbk....rasa meiliki lebih....wkwkwk,2022-9-24 8:11:40
513,43,513,10600683,Happy B'Day Enseval Andriyanto Putera Megatrading Tbk....rasa meiliki lebih....wkwkwk,2022-9-24 8:11:40
514,43,514,160100011,Happy Birthday Enseval yang ke- 49 semoga jaya terus selama,2022-9-24 8:13:13
515,43,515,110800921,Happy Birthday PT. Enseval yang ke 49 semakin jaya selalu...,2022-9-24 8:31:38
516,43,516,20300572,Happy Birthday EPM ke-49 MajuJaya & Terus berkarya.#GOBEYOND,2022-9-24 9:7:15
517,43,517,30400496,Happy Birthday PT. The 49th ensevalsalam sehat dan semakin jaya untuk keluarga besar EPM dan Indonesia,2022-9-24 9:18:18
518,43,518,220100202,Happy birthday EPM KE 49 SEMAKIN JAYA DAN MAJU #GOBEYOND,2022-9-24 9:24:50
519,42,519,130902579,Pasukan Gurkha pak gomarus hehehe... tentara bayaran inggris dari Nepal,2022-9-24 10:5:44
520,43,520,70300173,Sampai Jumpa di HUT EMAS EPM 2023 ,2022-9-24 10:33:14
521,42,521,70300173,"""sudah malam waktunya pulang bos ganti aku yang mau kerja"" ",2022-9-24 11:49:20
522,43,522,20501016,Alhamdulillah kita bisa berbagi mudahan berkah  Selamat Dunia Akhirat,2022-9-24 12:23:19
523,43,523,30700794,HBD EPM Jaya selalu,2022-9-25 12:22:6
524,43,524,10100133,Happy Birthday  EPM  :),2022-9-26 14:36:8
525,43,525,10100133,Happy Birthday  EPM  :),2022-9-26 14:36:41
526,43,526,120600956,Happy Birthday EPM ke 49 tahun jaya terus,2022-9-26 15:3:30
527,40,527,220901459,Manttuulll,2022-9-26 18:9:48
528,43,528,211201377,Jaya Terus Enseval ,2022-9-26 18:50:31
529,43,529,210700673,HBD EPM 49 Go Beyond Jaya Selalu,2022-9-26 19:5:7
530,43,530,210700673,HBD EPM 49 Go Beyond Jaya Selalu,2022-9-26 19:5:48
531,43,531,80800639,Happy birthday EPM KE 49 SEMAKIN JAYA DAN MAJU #GOBEYOND,2022-9-27 9:9:59
532,43,532,111001424,Happy Birthday Enseval semoga panjang umur dan sehat selalu Amin...,2022-9-28 9:5:10
533,43,533,111001424,Happy Birthday Enseval semoga panjang umur dan sehat selalu Amin...,2022-9-28 9:5:16
534,42,534,111001424,hii...serem....,2022-9-28 12:53:35
535,43,535,20500994,HBD EPM... Jaya selalu,2022-9-29 15:11:27
536,43,536,191201181,Selamat Ulang Tahun EPM yang ke-49. Jaya selalu,2022-9-30 10:38:5
537,43,537,180900758,Selamat ulang tahun epm ke-49. #SUKSES DAN SEMAKIN TERDEPAN. ,2022-10-1 9:3:36
538,44,538,31101119,Hai... Ka Michael.... Senang bisa melihat Kaka di Podcast ini. Tetap ingat dan jangan sampai melupakan kami yaaaa... ,2022-10-3 11:2:56
539,43,539,130300745,Happy Besday EPM tercinta,2022-10-5 8:46:46
540,43,540,130300719,Alhamdulilah saya dapat door prize tahun ini,2022-10-5 13:8:18
541,44,541,10100133,"terima kasih sudah berbagi "" about Alzheimer ""  :)",2022-10-6 7:38:21
542,44,542,150900546,terima kasih sudah berbagi..,2022-10-6 12:54:0
543,44,543,80800639,terima kasih sudah berbagi infonya..,2022-10-7 12:56:36
544,43,544,50600227,Bangkit lebih cepat pulih lebih kuat #HBD Enseval ,2022-10-10 9:6:34
545,44,545,70300173,hallo mas Mic.. senang bisa jumpa di PODTRET,2022-10-10 9:42:22
546,45,546,180800713,Semangat,2022-10-10 10:11:33
547,34,547,180800713,Mantaf,2022-10-10 11:28:9
548,34,548,180800713,Mantaf dan terpeecaya,2022-10-10 11:28:34
549,34,549,180800713,Mantaf dan terpeecaya,2022-10-10 11:28:41
550,45,550,70300173,thank you for your sharing mas Mic.. God bless you more ,2022-10-10 12:19:16
551,44,551,130300712,bagus sekali,2022-10-12 11:37:52
552,45,552,31101119,Makasih atas sharing nya ya Ka Michael ,2022-10-12 12:30:18
553,44,553,90500327,jgn sampai ya,2022-10-12 14:13:5
554,45,554,130702275,terimakasih sharingnya,2022-10-12 14:32:2
555,44,555,130702275,terima kasih sudah berbagi infonya..,2022-10-12 14:34:36
556,45,556,90500327,makasih ya infonya mas  ,2022-10-12 14:38:29
557,44,557,220600944,Sangat bermanfaat sekali informasinya ,2022-10-12 15:48:13
558,45,558,220901431,Terimakasih infonya ..,2022-10-12 16:14:48
559,43,559,90200124,Semangat menuju EPM 50 tahun,2022-10-13 13:9:50
560,46,560,30400496,Sebelum melakukan aktivitas apapunsebaiknya Berdo'a terlebih dahuluagar dihindarkan dari hal2 yg tdk baikdan aktifitas kita terhitung ibadah,2022-10-13 16:56:53
561,46,561,110700657,Berdia sebelum melakukan aktifitas,2022-10-13 18:35:39
562,46,562,110700657,Berdoa,2022-10-13 18:35:54
563,46,563,31101119,Selalu berdoa setiap akan melakukan aktivitas agar dalam lindungan Nya,2022-10-14 10:27:28
564,46,564,160400187,menit 29.45 - 29. 51.  asli ngakak,2022-10-14 11:51:57
565,46,565,220300384,agak ngeri,2022-10-14 14:21:46
566,45,566,60600434,terimakasih sharingnya..sukses sllu ya pa..,2022-10-17 14:18:2
567,46,567,180900816,Boleh lah,2022-10-19 20:24:5
568,35,568,150700401,ASI memang selalu yg terbaik buat si ANAK.. Kasih ibu tak ternilai,2022-10-20 9:48:57
569,36,569,150700401,Top lah pokok nya,2022-10-20 9:51:43
570,38,570,150700401,Salam dari sibolga.. Merdekaaaaaa...!! ,2022-10-20 9:53:30
571,46,571,131203021,Ngeri...,2022-10-20 14:15:56
572,46,572,131203021,Ngeri...,2022-10-20 14:16:3
573,46,573,211201333,ngakak,2022-10-21 10:45:58
574,46,574,211201333,ngakak,2022-10-21 10:46:16
575,45,575,140900923,Terimakasih untuk infonya...,2022-10-21 12:3:59
576,44,576,140900923,Terimakasih sudah berbagi,2022-10-21 12:5:13
577,43,577,140900923,Sukses selalu untuk EPM,2022-10-21 12:6:16
578,42,578,140900923,Seruuuuu.....,2022-10-21 12:8:8
579,41,579,140900923,Sangat bermanfaat,2022-10-21 12:8:57
580,40,580,140900923,Mantaaap,2022-10-21 12:9:28
581,39,581,140900923,Ok,2022-10-21 12:9:57
582,38,582,140900923,Merdekaaaaa....,2022-10-21 12:10:38
583,37,583,140900923,Kerennn,2022-10-21 12:11:20
584,36,584,140900923,Asi sangat sehat sekali,2022-10-21 12:12:28
585,35,585,140900923,Kasih ibu tiada tara,2022-10-21 12:13:15
586,34,586,140900923,Mantaaap n terpecaya,2022-10-21 12:14:0
587,33,587,140900923,Topppp,2022-10-21 12:14:38
588,32,588,140900923,Sukses selalu,2022-10-21 12:15:22
589,41,589,130301118,nice info sangat bermanfaat,2022-10-22 8:49:30
590,46,590,130902517,Ngeri,2022-10-24 10:11:12
591,1,591,210500430,Ok,2022-10-25 17:7:39
592,47,592,31101119,Alhamdulillah..... bisa ikut berpartisipasi kemarin di saat HUT EPM berdonasi ke YKI. Semangat buat orang-orang hebat ,2022-10-26 10:46:54
593,46,593,20200381,Ngeri,2022-10-26 13:53:3
594,47,594,171200761,Semangat terus,2022-10-26 15:15:31
595,46,595,171200761,Ngeri,2022-10-26 15:16:46
596,47,596,190600616,Senang bisa berbagi,2022-10-27 9:6:2
597,47,597,161200589,Semangat,2022-10-27 9:42:33
598,46,598,30500565,OSRAmmm,2022-10-27 14:42:8
599,46,599,200400400,Mistis,2022-10-28 13:9:9
600,46,600,130702275,Ngeri...,2022-10-29 9:18:56
601,46,601,90500327,Seraaaaaam,2022-10-29 9:21:26
602,47,602,90500327,org hebat  pemikiran hebat  dan punya hati kasih  utk berbagi,2022-10-29 9:52:24
603,47,603,130702275,Senang bisa berbagi,2022-10-29 9:53:24
604,48,604,90500327,terima kasih atas penjerahannya mas,2022-10-29 10:22:29
605,48,605,130702275,makasih sharingnya,2022-10-29 10:22:38
606,46,606,220300364,Takut,2022-10-29 10:45:16
607,46,607,10100133,sereeem yaah ,2022-10-29 12:8:40
608,48,608,70300173,ABC,2022-10-29 12:16:13
609,48,609,70300173,ABC ,2022-10-29 12:16:32
610,48,610,70300173,ABC. Anak Bu Caca. Act Belonging Commitment. Jadilah seperti ANAK2 LAKUKAN sesuatu yang baru. Ngumpul sama BU-IBU (berKOMUNITAS yang sama dengan  orang2 baru).  Lamar si CACA (berKOMITMEN dengan hal hal baru). ,2022-10-29 12:21:33
611,48,611,31101119,Ilmu yg sangat berharga. MC nya rame jadi menyenangkan menonton PODTRET nya.. Makasih rumus ABC nya.,2022-10-29 12:38:27
612,47,612,10100133,keep spirit,2022-10-29 12:44:17
613,46,613,120600956,Seram,2022-10-29 13:1:23
614,48,614,10100026,Terima kasihintinya otak adalah Investasi masa depan yang harus kita jaga.,2022-10-31 14:19:37
615,48,615,160600278,Materi yang bermanfaat narasumbernya kompeten dan MC nya gokil,2022-10-31 15:43:44
616,48,616,160600278,Materi yang bermanfaat narasumbernya kompeten dan MC nya gokil,2022-10-31 15:43:47
617,48,617,160600278,Materi yang bermanfaat narasumbernya kompeten dan MC nya gokil,2022-10-31 15:43:50
618,48,618,160600278,Materi yang bermanfaat narasumbernya kompeten dan MC nya gokil,2022-10-31 15:44:2
619,48,619,160600278,Materi yang bermanfaat narasumbernya kompeten dan MC nya gokil,2022-10-31 15:44:3
620,47,620,60600434,semangat untuk terus berbagi & berkarya dlam segala aspek yang positif...good job,2022-10-31 19:3:46
621,48,621,220901394,Materinya sangat luar biasa MC & narasumber jg gak kalah keren dan luar biasa...podtret ini sama halnya spt e-learning dimana video2nya merupakan pembelajaran yg penting utk setiap insan EPM (menurut saya loh ya). Jika boleh saya memberi saran ni memungkinkan gak ya utk setiap video PODTRET disertakan TEKS utk mewakili setiap suara/kata dari videonya? Agar pembelajaran nya bertambah mudah diresapi. Hihihi terimakasih. Overall keren abis terus semangat & semangat terus.,2022-11-2 20:3:53
622,1,622,20601128,Okbangget,2022-11-3 9:1:54
623,47,623,960100018,mantap,2022-11-4 13:53:8
624,48,624,20300682,Sangat penting karena utk refres,2022-11-4 13:58:6
625,48,625,20300682,Sangat penting karena materi yg luarbiasa,2022-11-4 13:59:30
626,48,626,20300682,Sangat penting karena materi yg luarbiasa,2022-11-4 14:0:36
627,48,627,20300682,Sangat penting karena materi yg luarbiasa,2022-11-4 14:0:50
628,40,628,151100625,Jossss,2022-11-4 20:14:23
629,49,629,160600278,Apadaya ku yg kaum rebahan + scroll HP gak suka crowd-crowd,2022-11-5 10:6:3
630,49,630,160600278,Apadaya ku yg kaum rebahan + scroll HP gak suka crowd-crowd,2022-11-5 10:6:5
631,49,631,31101119,Berusaha menghindari kerumunan terutama dalam masa pandemi ini.  Crowd nya kalau bisa virtual aja,2022-11-7 9:29:42
632,48,632,130200267,Investasi yang sangat bermanfaat,2022-11-8 10:10:47
633,49,633,130702275,berusaha menghindari kerumunan massa pada kegiatan-kegiatan yang mulai ramai usai kondisi pandemi Covid-19 membaik ini,2022-11-8 13:2:6
634,49,634,90500327,lbh enak tidur2 drpd berkerumun,2022-11-8 13:9:48
635,48,635,191201181,Penting sekali investasi untuk otak,2022-11-9 10:32:36
636,48,636,990400020,Materi yang bermanfaat nara sumbernya kreenn dan MC luarbiasa,2022-11-9 16:48:59
637,48,637,130300719,bermanfaat sekali,2022-11-10 8:22:15
638,46,638,130200250,mistis skali cabang x itu yahhh,2022-11-10 10:5:41
639,48,639,160100011,Materinya sangat bermanfaat,2022-11-10 10:25:21
640,48,640,120200213,Ilmu yang bermanfaat ,2022-11-12 9:15:39
641,49,641,120200213,Semoga tidak terjadi di banjarmasin,2022-11-12 10:23:2
642,48,642,180600513,kerennnnn infonnyaa,2022-11-12 10:25:20
643,49,643,180600513,jangan ikutan berkerumun pokoknya deh,2022-11-12 11:35:17
644,50,644,100700647,seremmm,2022-11-14 8:22:24
645,50,645,90500327,OOOOO SERAM,2022-11-14 10:9:26
646,50,646,31101119,Hiiiiiiiii..... saya langsung merinding..... menonton Kumis sambil membayangkan jalan cerita. Tapi menonton PODTRET KUMIS ini selalu jadi penasaran dengan ceritanya. Makasih MC,2022-11-14 12:48:33
647,50,647,80800639,sereeeemmmm,2022-11-15 12:36:48
648,50,648,131203021,Seeerrreeeeemmmm,2022-11-15 13:56:19
649,50,649,110800921,Sereem...,2022-11-15 16:26:10
650,50,650,960100018,Hmmm...,2022-11-15 17:45:21
651,43,651,130501873,shio oh,2022-11-16 21:53:10
652,50,652,30400436,Serem guys,2022-11-17 20:49:13
653,50,653,130300716,woow  Sugoku kowai :(,2022-11-18 13:52:31
654,49,654,70300173,mulai belajar untuk melihat kondisi sekitar jika terjadi sesuatu buruk terjadi.... siip,2022-11-19 10:22:33
655,51,655,20601246,cucok jadi  bopack-bopack milenial,2022-11-19 10:51:33
656,50,656,70300173,waduh padahal siang bolong ya bukan waktunya main nak.... 2 sosok itu ga suka anaknya main sama manusia...  duh dek ,2022-11-19 10:55:21
657,51,657,70300173,tetep bangga dengan generasi bapack-bapack kreatifitas yang dulu sekarang sangat diperlukan dalam tumbuh kembang anak kekreatifitasan yang dulu sekarang bisa jadi cuan. Trus ttg kesehatan mental angkatan bapack-bapack ini mentalnya kuat angkatan milenial kena mental dikit.. duh galaunya minta ampun :D ,2022-11-19 11:24:23
658,51,658,31101119,Melihat podcast ini cerita tentang jenis permainan jaman dulu sewaktu saya kecil.. main gambar itu saya suka sekali... dulu sampai punya kartu gambar nya hampir 1 plastik besar.. suatu kebanggan punya banyak seperti itu. Gambar kartu nya juga dulu isi nya kartun dari serial tv dll. Seneng nonton podcast ini... Ditunggu versi yang Edisi Mamack Mamack klo ada ,2022-11-19 13:5:38
659,51,659,130501923,Bapak - bapak Milenial yang keren...  ,2022-11-21 9:33:56
660,51,660,130702275,Bapack-bapack milenial yang keren,2022-11-22 9:19:3
661,51,661,190600616,Joss,2022-11-23 8:57:17
662,51,662,180600513,Semangat untuk bapak2 milineal,2022-11-23 8:59:17
663,51,663,910500054,MC & Bintang Tamunya millenials bingitzz,2022-11-23 9:24:49
664,51,664,30200223,mantap.,2022-11-23 11:0:10
665,51,665,220901431,Mantap ...,2022-11-23 15:3:30
666,51,666,80800639,matap,2022-11-24 7:52:2
667,51,667,991000070,mantap,2022-11-24 8:10:59
668,50,668,991000070,ok,2022-11-24 8:39:57
669,49,669,991000070,jadi pelajaran,2022-11-24 9:2:45
670,49,670,991000070,jadi pelajaran,2022-11-24 9:2:50
671,51,671,960100018,Ok jga,2022-11-25 8:31:45
672,51,672,150300180,Mantap,2022-11-25 9:45:29
673,51,673,910200023,mantul,2022-11-25 13:14:7
674,51,674,200200095,Bapak - bapak Milenial yang keren...,2022-11-25 13:39:35
675,51,675,111201818,Bapak - bapak Milenial yang keren...,2022-11-25 14:5:0
676,51,676,120200224,Semangat untuk bapak2 milineal,2022-11-25 14:7:53
677,51,677,150600326,Semangat untuk bapak2 milineal,2022-11-25 14:29:42
678,51,678,210500516,keren sekali,2022-11-25 14:32:41
679,51,679,120600956,Mantap,2022-11-25 14:46:6
680,52,680,31101119,Memang luar biasa setiap episode PODTRET selalu memberikan inspirasi. Kali ini bisa mengkolaborasi antara Generasi X dan Y,2022-11-25 14:59:53
681,52,681,10100026,intinya semua generasi itu baik tidak ada yang jelekyang perlu kita lakukan bagaiman cara berkolaborasi antara generai X dan Generasi Y agar bisa lebih sempurna dan untuk mencapai tujuan yang sama.,2022-11-25 16:10:21
682,51,682,131203021,Keren,2022-11-26 9:2:15
683,52,683,90500327,terima kasih inspirasinya....,2022-11-26 11:43:53
684,51,684,90500327,weh.....benar bangat....crita nya kyk itu ......jd senyum sendiri,2022-11-26 12:8:18
685,51,685,130300922,salam2 nya jaman SMP pake DuDu ,2022-11-26 12:22:28
686,51,686,60600434,TOP bangett bapack bapack milenialllll,2022-11-26 12:39:50
687,52,687,130702275,selalu menginspirasi..terimakasih..,2022-11-26 13:5:59
688,51,688,130300716,berasa tua dengar cerita ini :D,2022-11-26 13:7:11
689,52,689,60600434,terimakasih sudah share atas pengetahuan serta inspirasi nya ya pak..,2022-11-26 13:14:8
690,52,690,130300716,Generasi X  +  Generasi Y  = Sempurna,2022-11-26 13:55:39
691,52,691,220600944,Sangat bermanfaat dan menginspirasi,2022-11-26 14:27:42
692,52,692,140600635,makasih bermanfaat,2022-11-26 15:1:54
693,52,693,960100018,Mantap...okey jga tuch,2022-11-26 16:17:20
694,42,694,141101100,kurang serem ,2022-11-28 14:45:57
695,52,695,130300707,Salam dari Milenial,2022-12-1 9:58:52
696,52,696,940800084,Mantul = mantap betuul,2022-12-1 10:49:24
697,1,697,NK9973,Keren banget,2022-12-1 11:9:44
698,52,698,150300180,selalu menginspirasi..terimakasih..,2022-12-2 14:44:40
699,1,699,170300124,tes,2022-12-2 18:17:59
700,51,700,130601981,"ingat pernah dapat surat yg dipakein parfum. wkkkkkkkkkk
",2022-12-3 8:19:2
701,53,701,220300402,Asik obrolan ibuk ibuk nya,2022-12-3 9:10:31
702,52,702,130300705,mantap,2022-12-3 9:11:17
703,53,703,11100917,"keren
",2022-12-3 11:18:54
704,53,704,31101119,Akhirnya muncul juga edisi Ibuck Ibuck nya..... ,2022-12-3 11:34:20
705,53,705,31101119,Akhirnya muncul juga edisi Ibuck Ibuck nya..... ,2022-12-3 11:34:34
706,52,706,960100018,Hmmm....,2022-12-3 20:52:21
707,53,707,130702275,edisi ibuck ibuck mantap..keren,2022-12-5 9:7:20
708,53,708,90500327,ia beda zaman beda perlakuan....,2022-12-5 9:14:59
709,52,709,80800639,milenial dong...,2022-12-5 13:29:38
710,52,710,991000070,suka edisi ini,2022-12-5 13:47:27
711,53,711,80800639,mantap,2022-12-5 14:2:59
712,53,712,991000070,mantap,2022-12-5 14:11:0
713,53,713,20601246,ini mamack mamack kece,2022-12-6 13:22:22
714,52,714,20601246,wkwkwk anak milenial ternyata kocak kocok juga,2022-12-6 14:0:9
715,53,715,221001640,mantap.,2022-12-7 4:48:9
716,53,716,200400400,mantap,2022-12-7 10:42:52
717,53,717,30300324,Mantap,2022-12-8 8:50:8
718,53,718,131203021,Keren,2022-12-10 10:13:7
719,54,719,31101119,Yang paling saya suka klo nonton piala dunia ini yaa...liat wajah-wajah pemain nya... Ganteng keren kinclong..heeeeee ,2022-12-10 12:15:57
720,54,720,30400496,kapan ya indonesia kesana?,2022-12-10 14:56:20
721,54,721,30400496,siap melangkah mengikuti team ASIA lainnyatpi PSSI nyagmana?,2022-12-10 15:10:56
722,54,722,130702275,keren,2022-12-12 8:25:48
723,54,723,60600434,strategi & permainan nya ok bangett di lapangan hijau..di tambah face yang ok2 bangettt..jadi melek mata nonton di tiap pertandingan nya..semangattttt Argentinaaa jossss,2022-12-12 9:59:32
724,54,724,90500327,jdkepengen kesana ....,2022-12-12 10:42:1
725,54,725,20601246,HIdup Indonesiaaaa,2022-12-13 10:41:44
726,48,726,30100133,"ilmu semua ini
mantap",2022-12-13 15:45:53
727,58,727,130401300,ketawanya harus ya begituu. wkwkkwkw menyeramkan banget. bagus nya nonton malam jumat,2022-12-14 8:20:37
728,58,728,130401300,ketawanya harus ya begituu. wkwkkwkw menyeramkan banget. bagus nya nonton malam jumat,2022-12-14 8:20:41
729,58,729,31101119,Saya nontonnya siang siang aja.... takut klo malam hari... bikin merinding. hiiiiiiii,2022-12-14 10:4:50
730,58,730,90500327,serammm mknya jgn pulang malam cuy,2022-12-14 13:35:15
731,58,731,130702275,takuutttt...seraamm,2022-12-15 7:46:47
732,58,732,131002635,"Seruuuuu klo ada langsung narasumbernyaaa biarrr tambah seperti nyataaaaMantaaapp sukses terusss
",2022-12-15 9:55:32
733,58,733,30400496,kok masih ada yatakuuutt ahhh,2022-12-16 15:41:12
734,58,734,220300478,Luar biasa,2022-12-23 12:13:35
735,59,735,31101119,Awalnya saya nge jagoin Portugal..... Ternyata yang menang Argentina.. Setelah penantian 36 tahun dari  tahun 1986 yang lalu mereka menjadi Juara Piala Dunia.  Congratulation to Argentina,2022-12-26 11:8:11
736,59,736,130702275,selamat argentina,2022-12-26 13:51:12
737,59,737,991000070,selamat argentina,2022-12-27 8:5:35
738,59,738,80800639,selamat argentina,2022-12-27 8:22:57
739,59,739,90500327,selamat  argentina mmg sip,2022-12-28 14:49:22
740,59,740,90500327,selamat  argentina mmg sip,2022-12-28 14:49:22
741,59,741,90500327,selamat  argentina mmg sip,2022-12-28 14:49:23
742,60,742,51000389,"keren
",2022-12-30 14:50:2
743,60,743,31101119,"makasih Podtret...semakin keren. Mantap
",2023-1-2 10:7:58
744,60,744,130702275,keereen,2023-1-2 11:32:0
745,60,745,60600434,merry christmas & happy new year 2023...semoga di thn baru ne kita semua dapat mencapai resolusi yg kita harapkan..Amiinnn,2023-1-2 11:42:6
746,60,746,20601246,abet dan abit...cie cie cie,2023-1-2 13:34:4
747,61,747,20601144,Tidak kelihatan wajahnya.. masketnya buka dong  genks,2023-1-6 10:31:0
748,61,748,31101119,makasih Tim Podtret atas semua informasi pembelajaran ilmu motivasi yang telah diberikan. Semakin sukses buat PODTRET... ditunggu episode terbaru di awal tahun 2023,2023-1-6 13:23:8
749,60,749,131203021,Kereeeeeennnnnnn,2023-1-12 11:27:26
750,62,750,160200082,Sereeeeeeeem Abisss.....,2023-1-13 15:31:25
751,1,751,170300124,tes lagi,2023-1-13 16:5:54
752,1,751,170300124,tes reply,2023-1-13 16:19:37
753,62,750,170300124,serem abis...,2023-1-13 16:20:36
754,1,751,170300124,tes reply kedua,2023-1-13 16:24:20
755,62,755,130702189,Aihhhh takuttttt,2023-1-13 16:38:48
756,1,751,170300124,tes reply ketiga,2023-1-13 17:24:24
757,1,751,170300124,,2023-1-13 17:31:57
758,1,699,170300124,tes repy,2023-1-13 17:36:59
759,1,751,170300124, ,2023-1-13 17:37:38
760,1,699,170300124, ,2023-1-13 17:44:1
761,1,20,170300124,  ,2023-1-13 17:45:15
762,1,751,170300124,tes once,2023-1-13 17:50:10
763,1,751,170300124,  ,2023-1-13 17:50:22
764,62,764,30400496,Hiiiii seremmm,2023-1-13 18:46:0
765,60,746,160900435,Hmmmmmmmm,2023-1-13 20:8:7
766,62,766,130702275,sereemmmm...takuutttt,2023-1-16 11:30:16
767,62,766,admin.myplanet,Ada pengalaman misteri ga kak ayo kirim ke training.enseval.pm@gmail.com,2023-1-16 16:42:48
768,62,755,admin.myplanet,Uuuuuh sereeeem Ada pengalaman misteri ga kak ayo kirim ke training.enseval.pm@gmail.com,2023-1-16 16:43:17
769,62,764,admin.myplanet,Ada cerita yang lebih serem ga kak? ayo kirim ke training.enseval.pm@gmail.com,2023-1-16 16:43:49
770,61,747,admin.myplanet,Maluuuu Pak Toto....,2023-1-16 17:9:40
771,61,748,admin.myplanet,Sama sama Kak Isnaaa semoga kami bisa selalu memberikan yang terbaik,2023-1-16 17:10:34
772,61,772,131203021,Mantap,2023-1-18 9:3:8
773,62,773,31101119,sambil merinding dengar nya.... ,2023-1-18 9:50:49
774,60,774,991000070,Kereenn,2023-1-19 7:55:48
775,60,775,991000070,Kereenn,2023-1-19 7:56:43
776,60,776,80800639,mantap,2023-1-19 8:46:47
777,61,777,991000070,mantap,2023-1-19 9:33:3
778,62,778,991000070,serem,2023-1-19 9:34:7
779,62,779,80800639,seremmm tapi saya suka ceritanya seru,2023-1-19 9:53:42
780,61,780,90500327,sipp,2023-1-19 11:15:43
781,63,781,160600278,kakak-kakak yg menginspirasi sukses trus CI nya,2023-1-20 15:31:9
782,63,782,31101123,Semoga menjadi motivasi buat rekan-2 InnoChamp yang lain untuk terus berprestasi....rebut kesempatan hadir langsung ke Innofest tahun depan...semangat Inovasi !!,2023-1-20 15:53:22
783,63,783,130401300,semangat buat yang lain.. hayoo biar bisa pada hadir di podtret podacast enseval..,2023-1-20 15:55:25
784,63,784,20601246,senangnya bisa halan halan,2023-1-20 16:27:29
785,63,785,130702275,kakak-kakak yg menginspirasi sukses trus kakak...,2023-1-21 9:39:39
786,63,786,221001640,Semangat  buat  kakanya Sukses selalu.,2023-1-22 7:37:3
787,61,787,221001640,mantap,2023-1-22 7:42:3
788,62,788,131203021,Sereeeemmmm,2023-1-25 8:50:5
789,63,789,131203021,sukses selalu,2023-1-25 9:15:40
790,63,790,131203021,sukses selalu,2023-1-25 9:15:45
791,63,791,80800639,sukses selalu,2023-1-25 13:57:30
792,63,791,230100040,test,2023-1-25 14:5:29
793,63,793,31101119,Semoga sukses selalu buat teman-teman ,2023-1-25 15:33:33
794,63,794,991000070,sukses ya,2023-1-26 9:14:31
795,64,795,31101119,Keren sekali... turut berbangga dengan prestasi nya.. Alhamdulilah..dulu pernah merasakan menjadi bagian dari ECC menjadi CSO nya. Tim ECC dan SSD kalian memang hebat... sukses selalu. Salam utk Teh Santi dan Mba Ai           ^_^,2023-1-28 12:9:23
796,63,796,600096,mamah karin is the best,2023-1-28 12:42:44
797,63,797,20701323,cirebonnn,2023-1-28 12:43:48
798,64,798,130702275,kereenn,2023-1-28 14:41:36
799,64,795,220400713,wahh baru tahu mba isna dulu pernah di ECC :D,2023-1-30 14:2:52
800,64,800,991000070,kerenn,2023-2-1 7:54:41
801,64,801,140200266,mantaoppp,2023-2-3 16:32:50
802,64,802,200900767,Mantapp ,2023-2-3 16:35:4
803,64,803,161100533,Keren,2023-2-3 16:35:9
804,64,804,230100061,Kerenn,2023-2-3 17:7:19
805,65,805,31101119,oo...ternyata begitu asal mula nya Imlek.... dapat tambahan ilmu lagi dari PODTRET.. makasih ,2023-2-6 8:43:4
806,64,806,131203021,Kereeeeen,2023-2-7 10:29:30
807,65,805,160200082,Sama aku juga baru tahu loh ternyata sejarahnya begitu...,2023-2-7 17:11:8
808,65,808,130702275,ooo begitu ternyata sejarahnya..terimakasih ilmunya,2023-2-9 7:42:36
809,65,809,991000070,dapet ilmu baru nih,2023-2-9 11:4:8
810,64,810,80800639,sabar..,2023-2-9 11:32:14
811,64,811,90500327,tahan emosimantap lah ya,2023-2-9 11:33:39
812,65,812,80800639,oh begitu terima kasih atas ilmunya,2023-2-9 12:21:27
813,65,813,90500327,angpau..,2023-2-9 12:44:36
814,65,814,131203021,Makasih Ilmunya ,2023-2-10 9:33:3
815,66,815,160900436,love love <3 ,2023-2-10 17:14:58
816,66,816,130702275,love love love ,2023-2-11 7:22:4
817,66,817,31101119,Menunggu kado coklat buat tgl 14 Feb besok..  ^_^,2023-2-13 8:26:7
818,67,818,70300173,backsound nya kebanteren kak suara pencerita jadi kurang kedengaran,2023-2-13 15:35:5
819,67,818,21001661,Enak yg lebih merinding lagi hhh,2023-2-14 5:44:3
820,67,818,160200082,Biar berasa merindingnya kak.... Makasih kak Yusnita masukannya... ,2023-2-14 10:25:6
821,65,821,960100018,Ohhhh....,2023-2-14 12:7:14
822,66,822,991000070,terima kasih coklatnya ,2023-2-15 9:37:52
823,66,823,80800639,cinta..,2023-2-15 9:52:58
824,67,824,80800639,merinding....,2023-2-15 10:34:24
825,67,825,991000070,serem,2023-2-15 10:44:24
826,66,826,90500327,setiap hari  ada cintanya,2023-2-15 15:52:52
827,67,827,31101119,Berasa merinding nya ,2023-2-16 10:59:21
828,66,826,180700653,Bejo,2023-2-16 20:51:33
829,66,826,180700653,Bap2,2023-2-16 21:31:13
830,62,830,30800893,Sering-sering ingat tuhan jangan lupa setiap langkah atau memulai pekerjaan membaca bismillah,2023-2-20 15:27:38
