video,https://myplanet.enseval.com/video/new_all/New_Revisi_Neop_Agustus_2022_1.mp4,1
video,https://myplanet.enseval.com/video/ELearningneop5r.mp4,2
video,https://myplanet.enseval.com/video/safetysecurityneop.mp4,3
post_test,https://myplanet.enseval.com/post_test_dev/neop_general/index.php,4
video,https://myplanet.enseval.com/video/DigitalAwareness03-04-2018.mp4,5
post_test,https://myplanet.enseval.com/post_test_dev/digital_awareness/index.php,6
other,https://myplanet.enseval.com/peraturan_perusahaan_new/index/peraturan_perusahaan/,7
video,https://myplanet.enseval.com/video/grooming_2019.mp4,8
post_test,https://myplanet.enseval.com/post_test_dev/peraturan_perusahaan_grooming/index.php,9
video,https://myplanet.enseval.com/video/DigitalAwarenessSeries2.mp4,10
post_test,https://myplanet.enseval.com/post_test_dev/digital_awareness_series2/index.php,11
other,https://myplanet.enseval.com/booksaku/index/bukusaku_tsunami_only_zoom,12
post_test,https://myplanet.enseval.com/post_test_dev/safety_security2019/index.php,13
video,https://myplanet.enseval.com/video/Panca_Sradha_Trust041818.mp4,14
video,https://myplanet.enseval.com/video/Mindfullness_PAA.mp4,15
video,https://myplanet.enseval.com/video/Innovation_HHM.mp4,16
video,https://myplanet.enseval.com/video/Strive_to_be_the_best.mp4,17
video,https://myplanet.enseval.com/video/Interconectedness_YRT.mp4,18
post_test,https://myplanet.enseval.com/post_test_dev/pancha_sradha/index.php,19
pdf,https://myplanet.enseval.com/video/etika_bisnis_2020.pdf,20
post_test,https://myplanet.enseval.com/post_test_dev/etika_bisnis/index.php,21
video,https://myplanet.enseval.com/video/it_sec2020_part1.mp4,22
video,https://myplanet.enseval.com/video/itsecurity2021.mp4,23
post_test,https://myplanet.enseval.com/post_test_dev/it_security2021/index.php,24
video,https://myplanet.enseval.com/video/it_security_update_os_apps.mp4,25
post_test,https://myplanet.enseval.com/post_test_dev/it_update_os_apps/index.php,26
video,https://myplanet.enseval.com/video/new_all/New_Revisi_Neop_Agustus_2022_1.mp4,27
video,https://myplanet.enseval.com/video/new_all/ELearningneop5r.mp4,28
video,https://myplanet.enseval.com/video/new_all/msbwPart1.mp4,29
video,https://myplanet.enseval.com/video/new_all/msbwPart2.mp4,30
video,https://myplanet.enseval.com/video/new_all/Warehouse_5R.mp4,31
video,https://myplanet.enseval.com/video/new_all/WarehouseCCP.mp4,32
video,https://myplanet.enseval.com/video/new_all/WarehouseMinMax.mp4,33
video,https://myplanet.enseval.com/video/new_all/WarehouseOccupancy.mp4,34
video,https://myplanet.enseval.com/video/new_all/WarehouseSuhu_Temperatur.mp4,35
video,https://myplanet.enseval.com/video/new_all/Receiving_PutAway_Reguler_Course.mp4,36
video,https://myplanet.enseval.com/video/new_all/receiving_retur_Course_4.mp4,37
video,https://myplanet.enseval.com/video/new_all/Picking_Course_5.mp4,38
video,https://myplanet.enseval.com/video/new_all/DigitalAwareness03-04-2018.mp4,39
video,https://myplanet.enseval.com/video/new_all/DigitalAwarenessSeries2.mp4,40
video,https://myplanet.enseval.com/video/new_all/Panca_Sradha_Trust041818.mp4,41
video,https://myplanet.enseval.com/video/new_all/Mindfullness_PAA.mp4,42
video,https://myplanet.enseval.com/video/new_all/Innovation_HHM.mp4,43
video,https://myplanet.enseval.com/video/new_all/Strive_to_be_the_best.mp4,44
video,https://myplanet.enseval.com/video/new_all/Interconectedness_YRT.mp4,45
pdf,https://myplanet.enseval.com/video/new_all/etika_bisnis_2020.pdf,46
video,https://myplanet.enseval.com/video/new_all/New_Revisi_Neop_Agustus_2022_1.mp4,47
video,https://myplanet.enseval.com/video/new_all/ELearningneop5r_transpot.mp4,48
video,https://myplanet.enseval.com/video/new_all/safetysecurityneop_transport.mp4,49
video,https://myplanet.enseval.com/video/new_all/DigitalAwareness03-04-2018_transport.mp4,50
video,https://myplanet.enseval.com/video/new_all/DigitalAwarenessSeries2_transport.mp4,51
video,https://myplanet.enseval.com/video/new_all/Panca_Sradha_Trust041818_transport.mp4,52
video,https://myplanet.enseval.com/video/new_all/Mindfullness_PAA_transport.mp4,53
video,https://myplanet.enseval.com/video/new_all/Innovation_HHM_trans.mp4,54
video,https://myplanet.enseval.com/video/new_all/Strive_to_be_the_best_trans.mp4,55
video,https://myplanet.enseval.com/video/new_all/Interconectedness_YRT_trans.mp4,56
pdf,https://myplanet.enseval.com/video/new_all/etika_bisnis_2020_trans.pdf,57
pdf,https://myplanet.enseval.com/video/new_all/pendahuluan.pdf,58
video,https://myplanet.enseval.com/video/new_all/Vi2.mp4,59
pdf,https://myplanet.enseval.com/video/new_all/Bab_2_Organisasi_Menejemen_dan_Personalia.pdf,60
video,https://myplanet.enseval.com/video/new_all/CDOB_Bab_3_Bangunan_Dan_Peralatan.mp4,61
video,https://myplanet.enseval.com/video/new_all/CDOB_Bab_4_Operasional.mp4,62
video,https://myplanet.enseval.com/video/new_all/CDOB_Bab_5_Inspeksi_Diri.mp4,63
video,https://myplanet.enseval.com/video/new_all/CDOB_Bab_6_Keluhan_Obat_Kembalian.mp4,64
video,https://myplanet.enseval.com/video/new_all/CDOB_Bab_7_Transportasi.mp4,65
video,https://myplanet.enseval.com/video/new_all/CDOB_Bab_8_Fasilitas_Distribusi_Berdasar_Kontrak.mp4,66
video,https://myplanet.enseval.com/video/new_all/CDOB_Bab_9_Dokumentasi.mp4,67
pdf,https://myplanet.enseval.com/video/new_all/BAB_11.pdf,68
video,https://myplanet.enseval.com/video/new_all/cdakb_1.mp4,69
video,https://myplanet.enseval.com/video/new_all/cdakb_2.mp4,70
video,https://myplanet.enseval.com/video/new_all/cdakb_3.mp4,71
video,https://myplanet.enseval.com/video/new_all/Sertifikasi_Halal.mp4,72
pdf,https://myplanet.enseval.com/video/new_all/sertifikasi_halal.pdf,73
pdf,https://myplanet.enseval.com/video/new_all/Buku_Saku-10Jan18_FA.pdf,74
video,https://myplanet.enseval.com/video/new_all/itsecurity2021.mp4,75
video,https://myplanet.enseval.com/video/new_all/Warehouse_5R_trans.mp4,76
video,https://myplanet.enseval.com/video/new_all/WarehouseCCP_trans.mp4,77
video,https://myplanet.enseval.com/video/new_all/WarehouseMinMax_trans.mp4,78
video,https://myplanet.enseval.com/video/new_all/WarehouseOccupancy_trans.mp4,79
video,https://myplanet.enseval.com/video/new_all/WarehouseSuhu_Temperatur_trans.mp4,80
video,https://myplanet.enseval.com/video/new_all/eTransportation5R.mp4,81
video,https://myplanet.enseval.com/video/new_all/eTransportationCCP.mp4,82
video,https://myplanet.enseval.com/video/new_all/eTransportationOccupancy.mp4,83
video,https://myplanet.enseval.com/video/new_all/eTransportationRayonisasiZona.mp4,84
video,https://myplanet.enseval.com/video/new_all/eTransportationTracking.mp4,85
video,https://myplanet.enseval.com/video/new_all/SalesmanshiPart1.mp4,86
video,https://myplanet.enseval.com/video/new_all/SalesmanshiPart2.mp4,87
video,https://myplanet.enseval.com/video/new_all/Operational_Excellence_1.mp4,88
video,https://myplanet.enseval.com/video/new_all/leadership_1.mp4,89
video,https://myplanet.enseval.com/video/new_all/leadership_2.mp4,90
video,https://myplanet.enseval.com/video/new_all/2019-08-28COMMUNICATIONWITHTEXTREVISI4LOGO.mp4,91
video,https://myplanet.enseval.com/video/new_all/BEPVIDEO.mp4,92
video,https://myplanet.enseval.com/video/new_all/innotalk_panduanmenulisinovasi.mp4,93
video,https://myplanet.enseval.com/video/new_all/2022-03-28EtikaBisnisHakKewajibanBerpolitik1.mp4,94
post_test,https://myplanet.enseval.com/post_test_dev/safety_security2019/index.php,95
post_test,https://myplanet.enseval.com/post_test_dev/msbw_refreshment/index.php,96
other,https://myplanet.enseval.com/peraturan_perusahaan_new/index/peraturan_perusahaan/,97
video,https://myplanet.enseval.com/video/new_all/grooming_warehouse.mp4,98
post_test,https://myplanet.enseval.com/post_test_dev/peraturan_perusahaan_grooming/index.php,99
post_test,https://myplanet.enseval.com/post_test_dev/digital_awareness/index.php,100
post_test,https://myplanet.enseval.com/post_test_dev/digital_awareness_series2/index.php,101
other,https://myplanet.enseval.com/booksaku/index/bukusaku_tsunami_only_zoom,102
post_test,https://myplanet.enseval.com/post_test_dev/safety_security2019/index.php,103
post_test,https://myplanet.enseval.com/post_test_dev/pancha_sradha/index.php,104
post_test,https://myplanet.enseval.com/post_test_dev/etika_bisnis/index.php,105
post_test,https://myplanet.enseval.com/post_test_dev/neop_general/index.php,106
other,https://myplanet.enseval.com/peraturan_perusahaan_new/index/peraturan_perusahaan/,107
video,https://myplanet.enseval.com/video/new_all/grooming_trans.mp4,108
post_test,https://myplanet.enseval.com/post_test_dev/peraturan_perusahaan_grooming/index.php,109
post_test,https://myplanet.enseval.com/post_test_dev/digital_awareness/index.php,110
post_test,https://myplanet.enseval.com/post_test_dev/digital_awareness_series2/index.php,111
post_test,https://myplanet.enseval.com/post_test_dev/pancha_sradha/index.php,112
post_test,https://myplanet.enseval.com/post_test_dev/etika_bisnis/index.php,113
post_test,https://myplanet.enseval.com/post_test_dev/cdob2020/index.php,114
post_test,https://myplanet.enseval.com/post_test_dev/cdakb2020/index.php,115
post_test,https://myplanet.enseval.com/post_test_dev/sertifikasi_halal/index.php,116
post_test,https://myplanet.enseval.com/post_test_dev/safety_security2019/index.php,117
post_test,https://myplanet.enseval.com/post_test_dev/it_security2021/index.php,118
post_test,https://myplanet.enseval.com/post_test_dev/e_warehouse/index.php,119
post_test,https://myplanet.enseval.com/post_test_dev/new_mindset_salesmanship/index.php,120
post_test,https://myplanet.enseval.com/post_test_dev/CommunicationAndHumanRelationPart1/index.php,121
post_test,https://myplanet.enseval.com/post_test_dev/BEP_post_test/index.php,122
post_test,https://myplanet.enseval.com/post_test_dev/innotalk/index.php,123
post_test,https://myplanet.enseval.com/post_test_dev/etika_bisnis_2022/index.php,124
video,https://myplanet.enseval.com/video/new_all/etika_bisnis_pelanggaranrev1.mp4,125
post_test,https://myplanet.enseval.com/post_test_dev/etika_bisnis2022_pelanggaran/index.php,126
post_test,https://myplanet.enseval.com/post_test_dev/it_security_email_phising/index.php,157
video,https://myplanet.enseval.com/video/new_all/ITSecurityAwarenessEmailPhishing.mp4,156
video,https://myplanet.enseval.com/video/new_all/BEPepisode2.mp4,132
post_test,https://myplanet.enseval.com/post_test_dev/BEP_episode2_posttest/index.php,133
pdf,https://myplanet.enseval.com/video/new_all/IK-RDC-TRP-004LoadingR15.pdf,155
pdf,https://myplanet.enseval.com/video/new_all/IK-QHS-MR-030KualifikasiMesindanPeralatan.pdf,147
pdf,https://myplanet.enseval.com/video/new_all/IK-QHS-MR-020ValidasipengirimanColdChainProduct(CCP)R1.pdf,148
post_test,https://myplanet.enseval.com/post_test_dev/ikqhsmr020/index.php,149
post_test,https://myplanet.enseval.com/post_test_dev/ikqhsmr030/index.php,150
pdf,"https://myplanet.enseval.com/video/new_all/IK-OPR-WHS-017PenangananProdukKhusus(Psikotropika&BahanBerbahaya,dll)R5.pdf",151
pdf,https://myplanet.enseval.com/video/new_all/IK-OPR-WHS-044PetunjukPengoperasianDanPemeliharaanContainerChillerR1.pdf,152
post_test,https://myplanet.enseval.com/post_test_dev/IK-OPR-WHS-017/index.php,153
post_test,https://myplanet.enseval.com/post_test_dev/IK-OPR-WHS-044/index.php,154
post_test,https://myplanet.enseval.com/post_test_dev/IK-RDC-TRP-004_LoadingR15/index.php,158
pdf,https://myplanet.enseval.com/video/new_all/SOP-QHS-MR-092SuratPesananElektronik(E-SP)CabangkeDC140922.pdf,159
post_test,https://myplanet.enseval.com/post_test_dev/SOP-QHS-MR-092/index.php,160
pdf,https://myplanet.enseval.com/video/new_all/SOP-QHS-MR-041ProsedurPenarikanProduk(Recal)R3.pdf,161
pdf,https://myplanet.enseval.com/video/new_all/IK-QHS-MR-035PelaporanProdukKeBadanRegulasiR1.pdf,162
video,https://myplanet.enseval.com/video/new_all/ELearningPenangananProdukSitostatika_new.mp4,163
pdf,https://myplanet.enseval.com/video/new_all/SOP-OPR-WHS-003ProsedurPenerimaanReturDariPelangganR19.pdf,164
post_test,https://myplanet.enseval.com/post_test_dev/QHS-SOP-QHS-MR-041_Prosedur_Penarikan_Produk_Recal_R3/index.php,165
post_test,"https://myplanet.enseval.com/post_test_dev/QHS-IK-QHS-MR-035_Pelaporan_Produk_Ke_Badan_Regulasi _R1/index.php",166
post_test,https://myplanet.enseval.com/post_test_dev/OPR-WHS-SOP-OPR-WHS-003_Prosedur_Penerimaan_Retur_Dari_Pelanggan_R19/index.php,167
pdf,https://myplanet.enseval.com/video/new_all/SOP-OPR-WHS-016StockOpnamePersediaanProdukR9.pdf,168
post_test,"https://myplanet.enseval.com/post_test_dev/OPR-WHS-SOP-OPR-WHS-016 _stock_Opname_Persediaan_Produk_R9/index.php",169
video,https://myplanet.enseval.com/video/new_all/LEGALECOURTREV1.mp4,170
post_test,https://myplanet.enseval.com/post_test_dev/post_test_ecourt/index.php,171
pdf,https://myplanet.enseval.com/video/new_all/IK-QHS-MR-023KualifikasipemasokR5.pdf,172
post_test,https://myplanet.enseval.com/post_test_dev/QHS-IK-OPR-QHS-023/index.php,173
pdf,https://myplanet.enseval.com/video/new_all/SOP-QHS-MR-075ProsedurPemusnahanProdukR3.pdf,174
post_test,https://myplanet.enseval.com/post_test_dev/QHS-SOP-QHS-MR-075/index.php,175
post_test,https://myplanet.enseval.com/post_test_dev/sitostatika/index.php,176
other,https://myplanet.enseval.com/video/new_all/modul_fa_pembayaran/,177
other,https://myplanet.enseval.com/video/new_all/modul_fa_Fixed_Assets/,178
other,https://myplanet.enseval.com/video/new_all/famodul_pembelian/,179
video,https://myplanet.enseval.com/video/new_all/SWD1.mp4,196
pdf,https://myplanet.enseval.com/video/new_all/SOP-QHS-MR-004(ISO)-PengendalianDokumenInternalR8.pdf,180
post_test,https://myplanet.enseval.com/post_test_dev/QHS-SOP-QHS-MR-004/index.php,181
pdf,https://myplanet.enseval.com/video/new_all/SOP-QHS-MR-064ProsedurPenangananProdukKesehatanMelaluiMekanismeJalurKhususR2.pdf,182
post_test,https://myplanet.enseval.com/post_test_dev/SOP-QHS-MR-064/index.php,183
pdf,"https://myplanet.enseval.com/video/new_all/IK-QHS-MR-001TatacaraPembuatanPerubahanPengesahanDanPenomoranDokumentSOP,IKdanFormR17.pdf",185
post_test,https://myplanet.enseval.com/post_test_dev/QHS-IK-QHS-MR-001/index.php,186
pdf,https://myplanet.enseval.com/video/new_all/IK-QHS-MR-036DesainBangunanDanPeralatanR1.pdf,187
video,https://myplanet.enseval.com/video/new_all/ELearningPenangananFatigueRevisi3.mp4,188
post_test,https://myplanet.enseval.com/post_test_dev/modul_fatigue/index.php,189
pdf,https://myplanet.enseval.com/video/new_all/IK-QHS-MR-021PemetaanMappingFasilitasGudangR4.pdf,190
pdf,https://myplanet.enseval.com/video/new_all/SOP-QHS-MR-074PenyiapanDanPengemasanprodukBelow25R1.pdf,191
pdf,https://myplanet.enseval.com/video/new_all/SOP-RDC-TRP-001ProsedurPengirimanRegulerR7.pdf,192
pdf,https://myplanet.enseval.com/video/new_all/IK-QHS-MR-034PemeriksaanRutinKendaraanInternalR1.pdf,193
post_test,https://myplanet.enseval.com/post_test_dev/IK-QHS-MR-021/index.php,194
post_test,https://myplanet.enseval.com/post_test_dev/IK-QHS-MR-074/index.php,195
video,https://myplanet.enseval.com/video/new_all/SWD2.mp4,197
video,https://myplanet.enseval.com/video/new_all/SWD3.mp4,198
video,https://myplanet.enseval.com/video/new_all/E-KSMSSWD4.mp4,199
pdf,https://myplanet.enseval.com/video/new_all/SOP-FA-AKS-040PenjualanAssetPerusahaan(TanahDanBangunan).pdf,226
pdf,https://myplanet.enseval.com/video/new_all/SOP-FA-AKS-026FixedAssetManagementR3.pdf,201
pdf,https://myplanet.enseval.com/video/new_all/SOP-FA-AKS-025LabellingAssetR3.pdf,202
pdf,https://myplanet.enseval.com/video/new_all/SOP-QHS-MR-015ProsedurPelaporanInvestigasiDanKecelakaanR5.pdf,203
pdf,https://myplanet.enseval.com/video/new_all/SOP-QHS-MR-017Kesiagaan&TanggapDaruratR7.pdf,223
pdf,https://myplanet.enseval.com/video/new_all/SOP-QHS-MR-026ProsedurPEngendalianKetinggianR5.pdf,205
pdf,https://myplanet.enseval.com/video/new_all/IK-QHS-MR-006PenanggulanganTumpahanBahanKimiaR3.pdf,206
pdf,https://myplanet.enseval.com/video/new_all/IK-QHS-MR-008MengangkatSecaraManualR3.pdf,207
post_test,https://myplanet.enseval.com/post_test_dev/storytelling/index.php,208
pdf,https://myplanet.enseval.com/video/new_all/IK-RDC-WHS-008PenyiapanProdukDirect(PickingDirect)R2.pdf,209
pdf,https://myplanet.enseval.com/video/new_all/IK-RDC-WHS-009PenguncianPintuDockReceivingR2.pdf,210
pdf,https://myplanet.enseval.com/video/new_all/IK-RDC-WHS-014TranferBarang(Handheld)R2.pdf,211
pdf,https://myplanet.enseval.com/video/new_all/IK-RDC-WHS-015PackLPNR2.pdf,212
pdf,https://myplanet.enseval.com/video/new_all/IK-RDC-WHS-016UnpackLPNR2.pdf,213
pdf,https://myplanet.enseval.com/video/new_all/IK-RDC-WHS-017SplitLPNR2.pdf,214
pdf,https://myplanet.enseval.com/video/new_all/IK-RDC-WHS-018MelihatDataStock(Handheld)R2.pdf,215
pdf,https://myplanet.enseval.com/video/new_all/IK-RDC-WHS-020PenyiapanProdukSinggleInventory(MoveOrder)R2.pdf,216
pdf,https://myplanet.enseval.com/video/new_all/IK-RDC-WHS-026FisikMasukGudang(TranferDariRetur)R2.pdf,217
pdf,https://myplanet.enseval.com/video/new_all/IK-RDC-WHS-035PenyiapanBarangRegulerDanSingleInventorySecaraManualKarenaSistemDownR2.pdf,218
pdf,https://myplanet.enseval.com/video/new_all/IK-RDC-WHS-047PencetakanLabelLPNR2.pdf,219
pdf,https://myplanet.enseval.com/video/new_all/IK-RDC-WHS-043PemeriksaanReceiverDenganSJ-SP-DO-PackingList-InvoiceR2.pdf,220
pdf,https://myplanet.enseval.com/video/new_all/IK-RDC-WHS-054PencetakanUlangReceiverR2.pdf,221
pdf,https://myplanet.enseval.com/video/new_all/IK-RDC-WHS-059RepackingProdukR2.pdf,222
pdf,"https://myplanet.enseval.com/video/new_all/SOP-QHS-MR-003PengendalianDokumen(Internal,Eksternal&Catatan).pdf",224
post_test,https://myplanet.enseval.com/post_test_dev/SOP-QHS-MR-003/index.php,225
pdf,https://myplanet.enseval.com/video/new_all/SOP-DIR-SLS-009TakingOrderR2.pdf,227
pdf,https://myplanet.enseval.com/post_test_dev/SOP-DIR-SLS-009/index.php,228
pdf,https://myplanet.enseval.com/video/new_all/SOP-GA-PL-003PerawatanKendaraanOperasionalKantor.pdf,229
pdf,https://myplanet.enseval.com/video/new_all/IK-QHS-MR-20ValidasiPengirimanR3.PDF,300
pdf,https://myplanet.enseval.com/video/new_all/SOP-GA-PL-005ProsedurSewaMesinFotocopy.pdf,231
pdf,https://myplanet.enseval.com/video/new_all/SOP-GA-PL-006ProsedurPetugasKebersihan(CleaningService).pdf,232
pdf,https://myplanet.enseval.com/video/new_all/SOP-GA-PL-007ProsedurPengiriman&DokumenRahasiaAtauPenting.pdf,233
pdf,https://myplanet.enseval.com/video/new_all/SOP-GA-PL-008MonitoringFungsiCCTV.pdf,234
pdf,https://myplanet.enseval.com/video/new_all/SOP-GA-PL-009ProsedurPengembanganKopetensiSatpam.pdf,235
pdf,https://myplanet.enseval.com/video/new_all/SOP-GA-PL-010ProsedurPemeriksaanKaryawanDanTamu.pdf,236
pdf,https://myplanet.enseval.com/video/new_all/SOP-GA-PL-012PenangananAncamanBOM.pdf,237
pdf,https://myplanet.enseval.com/video/new_all/SOP-GA-PL-013ProsedurPenangananLimbahB3DiTPSB3.pdf,238
pdf,https://myplanet.enseval.com/video/new_all/SOP-GA-PL-014ProsedurPenangananMedisBagiKaryawanDiLingkunganKerja.pdf,239
pdf,https://myplanet.enseval.com/video/new_all/SOP-QHS-MR-019ProsedurAlatPemadamApiRingan(APAR)R6.pdf,240
pdf,https://myplanet.enseval.com/video/new_all/IK-RDC-WHS-004PenerimaanBarangR15.pdf,241
pdf,https://myplanet.enseval.com/video/new_all/IK-RDC-WHS-010PenyimpananR8.pdf,242
pdf,https://myplanet.enseval.com/video/new_all/IK-HRD-TRG-001IkPelaksanaanTrainingR6.pdf,243
pdf,https://myplanet.enseval.com/video/new_all/SOP-GA-PL-011ProsedurPenangananDemoDanHuruHara.pdf,246
pdf,https://myplanet.enseval.com/video/new_all/IK-OPR-WHS-022PengeluaranBarangMenggunakanDeliveryOrderManualR7.pdf,245
pdf,https://myplanet.enseval.com/video/new_all/IK-QHS-WHS-001PenerimaanPengeluaranDanObnamePallet.pdf,247
pdf,https://myplanet.enseval.com/video/new_all/IK-RDC-WHS-048PelaksanaanStockOpnameR2.pdf,248
pdf,https://myplanet.enseval.com/video/new_all/SOP-OPR-WHS-006KlaimKeEkspediturR6.pdf,249
post_test,https://myplanet.enseval.com/post_test_dev/leadership/index.php,250
video,https://myplanet.enseval.com/video/new_all/BepSeriesEps3-Rev4-1.mp4,251
post_test,https://myplanet.enseval.com/post_test_dev/posttestbep3/index.php,252
pdf,https://myplanet.enseval.com/video/new_all/SOP-OPR-APJ-001MonitoringkalibrasiThermometerR3.pdf,253
pdf,https://myplanet.enseval.com/video/new_all/IK-OPR-WHS-044PetunjukPengoperasianDanPemeliharaanContainerChillerR3.pdf,254
pdf,https://myplanet.enseval.com/video/new_all/SOP-QHS-MR-006ManajemenTindakanKoreksiDanPencegahanR10.pdf,255
pdf,https://myplanet.enseval.com/video/new_all/SOP-QHS-MR-057PengoperasianDanPerawatanShowcaseAtauContainerChillerR1.pdf,256
pdf,https://myplanet.enseval.com/video/new_all/IK-QHS-MR-049ProgramPelatihanKaryawanR4.pdf,257
post_test,https://myplanet.enseval.com/post_test_dev/IK-QHS-MR-049ProgramPelatihanKaryawan/index.php,258
pdf,https://myplanet.enseval.com/video/new_all/IK-RDC-GA-044ProsesPermintaanPerbaikanMelaluiSPKOnline.pdf,259
video,https://myplanet.enseval.com/video/new_all/Awareness_IT_security_Final.mp4,260
post_test,https://myplanet.enseval.com/post_test_dev/general_itsec_awareness/index.php,261
video,https://myplanet.enseval.com/video/new_all/RevK3TrainingApar2-1.mp4,262
post_test,https://myplanet.enseval.com/post_test_dev/K3_APAR/index.php,263
video,https://myplanet.enseval.com/video/new_all/K3_Revisi_Font(1).mp4,264
post_test,https://myplanet.enseval.com/post_test_dev/safetysecurityk3/index.php,265
pdf,https://myplanet.enseval.com/video/new_all/IK-QHS-MR-022PemeriksaanKesehatanKaryawanR3.pdf,266
pdf,https://myplanet.enseval.com/video/new_all/IK-QHS-MR-027TataCaraAksesMasukKeluarGudangColdroomContainerChillerR2.pdf,267
pdf,https://myplanet.enseval.com/video/new_all/IK-QHS-MR-028PembersihanGudangDAnSaranaPenunjangDigudangR3.pdf,268
pdf,https://myplanet.enseval.com/video/new_all/IK-QHS-MR-055KalibrasiAlatUkur.pdf,269
pdf,https://myplanet.enseval.com/video/new_all/IK-RDC-GA-010PengoperasianRollingDoorR2.pdf,270
pdf,https://myplanet.enseval.com/video/new_all/IK-RDC-GA-012PengoperasianDanPerawatanDockLevellerR1.pdf,271
pdf,https://myplanet.enseval.com/video/new_all/IK-RDC-TRP-029PengirimanBarangR10.pdf,272
pdf,https://myplanet.enseval.com/video/new_all/IK-RDC-WHS-004PenerimaanBarangR16.pdf,273
pdf,https://myplanet.enseval.com/video/new_all/IK-RDC-WHS-010PenyimpananR9.pdf,274
pdf,https://myplanet.enseval.com/video/new_all/IK-RDC-WHS-027Relabelling-StickeringProdukR1.pdf,275
pdf,https://myplanet.enseval.com/video/new_all/SOP-RDC-QS-001PengelolaanLimbahB3&NonB3R5.pdf,276
pdf,https://myplanet.enseval.com/video/new_all/SOP-QHS-MR-002ManajemenAuditR15.pdf,277
pdf,https://myplanet.enseval.com/video/new_all/SOP-QHS-MR-018ProsedurAlatPelindungDiriR9.pdf,278
pdf,https://myplanet.enseval.com/video/new_all/SOP-QHS-MR-030ProsedurPenangananTumpahanProdukGolonganSitostatikaR5.pdf,279
pdf,https://myplanet.enseval.com/video/new_all/SOP-QHS-MR-035ProsedurPersonalHygieneDanSanitasiR5.pdf,280
pdf,https://myplanet.enseval.com/video/new_all/SOP-QHS-MR-036ProsedurPestControlR7.pdf,281
pdf,https://myplanet.enseval.com/video/new_all/SOP-QHS-MR-045PemantauanSuhuPenyimpananR6.pdf,282
pdf,https://myplanet.enseval.com/video/new_all/SOP-QHS-MR-050PenangananProdukPsikotropikaR5.pdf,283
pdf,https://myplanet.enseval.com/video/new_all/SOP-QHS-MR-060KalibrasiAlatUkurR4.pdf,284
post_test,https://myplanet.enseval.com/post_test_dev/SOP-QHS-MR-035/index.php,285
post_test,https://myplanet.enseval.com/post_test_dev/SOP-QHS-MR-002/index.php,286
post_test,https://myplanet.enseval.com/post_test_dev/IK-QHS-MR-055/index.php,287
post_test,https://myplanet.enseval.com/post_test_dev/SOP-QHS-MR-050/index.php,288
post_test,https://myplanet.enseval.com/post_test_dev/IK-QHS-MR-028/index.php,289
post_test,https://myplanet.enseval.com/post_test_dev/SOP-QHS-MR-045/index.php,290
post_test,https://myplanet.enseval.com/post_test_dev/IK-QHS-MR-001/index.php,292
pdf,"https://myplanet.enseval.com/video/new_all/IK-QHS-MR-001TataCaraPembuatan,PerubahanDanPengesahanDokumentSOPIK&FormR18.pdf",293
pdf,https://myplanet.enseval.com/video/new_all/IK-OPR-TRP-011PengirimanProdukRantaiDingainprodukObatDanAlatKesehatanR10.PDF,294
pdf,https://myplanet.enseval.com/video/new_all/IK-QHS-MR-041TataCaraPenangananDokumenRegulatoryR1.pdf,295
pdf,https://myplanet.enseval.com/video/new_all/IK-RDC-TRP-023KeamananBarangSelamaDalamPengirimanR4.PDF,296
post_test,https://myplanet.enseval.com/post_test_dev/IK-QHS-MR-041/index.php,297
post_test,https://myplanet.enseval.com/post_test_dev/IK-OPR-TRP-011/index.php,298
pdf,https://myplanet.enseval.com/video/new_all/SOP-GA-PL-004ProsedurPemeliharaan&PerbaikanGudangR1.PDF,299
pdf,https://myplanet.enseval.com/video/new_all/SOP-HRD-CD-001SOPPromosiMutasi&DemosiKaryawan.PDF,301
pdf,https://myplanet.enseval.com/video/new_all/SOP-OPR-WHS-003ProsedurPengirimanReturDariPelangganR20.PDF,302
pdf,https://myplanet.enseval.com/video/new_all/SOP-CHB-SM2-002SpreadingR6.PDF,303
pdf,https://myplanet.enseval.com/video/new_all/SOP-CHB-SM2-005TradePromoDevelopmentR5.PDF,304
pdf,https://myplanet.enseval.com/video/new_all/SOP-CHB-SM2-007PesananTambahanR6.PDF,305
pdf,https://myplanet.enseval.com/video/new_all/SOP-QHS-MR-059ManajemenResikoMutuR2.PDF,306
pdf,https://myplanet.enseval.com/video/new_all/IK-OPR-APJ-014TataLaksanaSPTT.PDF,307
pdf,https://myplanet.enseval.com/video/new_all/SOP-QHS-MR-062GovernmentRelationR2.PDF,308
pdf,https://myplanet.enseval.com/video/new_all/SOP-QHS-MR-076ProsedurPerjanjianKualitas(QualityAgreement)R1.PDF,309
pdf,https://myplanet.enseval.com/video/new_all/SOP-QHS-MR-014ProsedurPemantauanDanPengukuranLingkunganKerjaR4.PDF,310
pdf,https://myplanet.enseval.com/video/new_all/SOP-QHS-MR-010ProsedurSeleksiKualifikasi&EvaluasiPihakKetiga(VendorOutsource)R10.PDF,311
pdf,https://myplanet.enseval.com/video/new_all/SOP-QHS-MR-068ChallengeTestR1.PDF,312
pdf,https://myplanet.enseval.com/video/new_all/SOP-QHS-MR-058PenangananProdukOMPFDanOOTR1.PDF,313
post_test,https://myplanet.enseval.com/post_test_dev/SOP-QHS-MR-059/index.php,314
post_test,https://myplanet.enseval.com/post_test_dev/SOP-QHS-MR-058/index.php,315
pdf,https://myplanet.enseval.com/video/new_all/SOP-QHS-MR-001SOPProsedurSasaranMutuR7.PDF,316
pdf,https://myplanet.enseval.com/video/new_all/IK-RDC-PPS-001PembuatanRencanaPengiriman(Monthly)R4.PDF,317
pdf,https://myplanet.enseval.com/video/new_all/SOP-QHS-MR-063SOPLabelingAtauRelabelingKhususAlkesR2.PDF,318
pdf,https://myplanet.enseval.com/video/new_all/SOP-QHS-MR-009PenangananKeluhanPelangganR2.PDF,319
video,https://myplanet.enseval.com/video/new_all/bep4.mp4,320
post_test,https://myplanet.enseval.com/post_test_dev/bep4/index.php,321
pdf,https://myplanet.enseval.com/video/new_all/SOP-PST-IA-010RiskAssesmentStrategicRiskR1.PDF,324
pdf,https://myplanet.enseval.com/video/new_all/IK-PST-IA-010RiskAppetiteDanRiskToleranceR1.PDF,325
pdf,https://myplanet.enseval.com/video/new_all/IK-PST-IA-013FokusRiskR1.PDF,326
pdf,https://myplanet.enseval.com/video/new_all/IK-SM-CHB-001CoveragePlanningR4.PDF,327
pdf,https://myplanet.enseval.com/video/new_all/IK-SM-CHB-002EvaluasiCoverageR4.PDF,328
pdf,https://myplanet.enseval.com/video/new_all/IK-SM-CHB-010ARCollektionR4.PDF,329
pdf,https://myplanet.enseval.com/video/new_all/IK-SM-CHB-012ProdukPortfolioManagementR4.PDF,330
